age,tenure_months,monthly_charges,monthly_usage,login_frequency,support_tickets,avg_session_duration,support_ticket_rate,clv_proxy,usage_to_cost_ratio,engagement_intensity,gender_Female,gender_Male,city_Chicago,city_Houston,city_Los Angeles,city_Miami,city_New York,plan_type_Basic,plan_type_Premium,plan_type_Standard,contract_type_Month-to-Month,contract_type_One Year,contract_type_Two Year,payment_method_Bank Transfer,payment_method_Credit Card,payment_method_Electronic Check,payment_method_Mailed Check,tenure_cohort_0-12m,tenure_cohort_13-24m,tenure_cohort_25-48m,tenure_cohort_49m+
0.36,-0.6470588235294118,0.7795877325289091,-0.6212712132391696,0.26666666666666666,-1.0,-0.3412408759124087,-0.5875032215183863,-0.26275434398813013,-0.6769069538134953,-0.44976082162798264,1.0,0.0,0.0,0.0,0.0,1.0,0.0,0.0,0.0,1.0,0.0,1.0,0.0,0.0,1.0,0.0,0.0,0.0,1.0,0.0,0.0
-0.32,-0.7058823529411765,-0.8369029663147306,-0.6849372825972384,-0.6666666666666666,1.0,-0.6003649635036495,2.2162350962386235,-0.714062295961857,0.019640983236640718,0.14237282955650796,0.0,1.0,0.0,1.0,0.0,0.0,0.0,0.0,0.0,1.0,0.0,0.0,1.0,0.0,1.0,0.0,0.0,1.0,0.0,0.0,0.0
0.28,0.08823529411764706,-0.12579185520361966,-0.1954253188573839,-0.8,0.0,0.6405109489051096,-0.18169899131671396,0.12930324476557026,-0.07958216651623842,2.274647997547353,0.0,1.0,0.0,0.0,0.0,0.0,1.0,0.0,0.0,1.0,1.0,0.0,0.0,1.0,0.0,0.0,0.0,0.0,0.0,1.0,0.0
0.48,-0.11764705882352941,-0.6199095022624431,0.6512069147254137,-0.9333333333333333,0.0,-0.895985401459854,-0.09006577804536857,-0.3611389017131235,1.815688766814434,16.366510859069727,1.0,0.0,0.0,0.0,1.0,0.0,0.0,0.0,1.0,0.0,0.0,0.0,1.0,0.0,1.0,0.0,0.0,0.0,0.0,1.0,0.0
-0.88,-0.8823529411764706,-0.9527400703871287,0.9400231896279119,-0.8666666666666667,-1.0,0.1989051094890512,-0.5875032215183863,-0.7905127854477555,4.870236620066371,9.217975330064078,0.0,1.0,0.0,1.0,0.0,0.0,0.0,1.0,0.0,0.0,1.0,0.0,0.0,1.0,0.0,0.0,0.0,1.0,0.0,0.0,0.0
-0.32,-0.6470588235294118,-0.9352438411261936,-0.12206176873616537,0.4,2.0,0.04927007299270079,2.971087720250126,-0.7186728510895573,1.7629447195544845,-0.2457098142170025,0.0,1.0,0.0,0.0,1.0,0.0,0.0,0.0,0.0,1.0,1.0,0.0,0.0,0.0,0.0,0.0,1.0,0.0,1.0,0.0,0.0
0.52,-1.0,0.20100553041729546,0.7810688310319385,-0.4,0.0,-0.3412408759124087,14.833057526145165,-0.8005112328299493,0.46077721905978836,1.3305102865083949,1.0,0.0,0.0,1.0,0.0,0.0,0.0,0.0,1.0,0.0,0.0,1.0,0.0,1.0,0.0,0.0,0.0,1.0,0.0,0.0,0.0
0.92,-0.029411764705882353,0.3912518853695326,-0.4728575946031412,-0.9333333333333333,1.0,0.13686131386861314,0.3195885871677049,0.38758481560350067,-0.5187713162784956,5.56877957276431,0.0,1.0,0.0,0.0,0.0,1.0,0.0,1.0,0.0,0.0,0.0,0.0,1.0,1.0,0.0,0.0,0.0,0.0,0.0,1.0,0.0
0.84,0.4117647058823529,0.5099044746103573,0.09043954885632967,-0.6666666666666666,0.0,0.6441605839416061,-0.27279790013749755,1.044763719331943,-0.19820686151970224,1.6320223295951926,1.0,0.0,0.0,0.0,0.0,0.0,1.0,1.0,0.0,0.0,1.0,0.0,0.0,0.0,0.0,0.0,1.0,0.0,0.0,0.0,1.0
-0.24,-0.3235294117647059,-0.45238813474107564,0.17940339411826717,0.13333333333333333,1.0,-0.1478102189781021,0.6975435074535762,-0.3853515136995387,0.7081651381676429,0.03268491895646811,1.0,0.0,0.0,1.0,0.0,0.0,0.0,1.0,0.0,0.0,1.0,0.0,0.0,0.0,0.0,1.0,0.0,0.0,1.0,0.0,0.0
-0.08,-0.5294117647058824,-0.1537456008044241,0.4829767049646886,0.26666666666666666,2.0,-0.10036496350364951,2.1337722045398873,-0.4119413789096921,0.589257367342791,0.1085220037921992,1.0,0.0,0.0,0.0,0.0,0.0,1.0,0.0,0.0,1.0,1.0,0.0,0.0,1.0,0.0,0.0,0.0,0.0,1.0,0.0,0.0
0.08,-0.11764705882352941,-0.7003519356460529,-0.46779803942236753,0.13333333333333333,2.0,0.28649635036496357,0.904809108900667,-0.41213879786252855,0.1989108147525671,-0.3330208646470539,0.0,1.0,1.0,0.0,0.0,0.0,0.0,1.0,0.0,0.0,0.0,1.0,0.0,1.0,0.0,0.0,0.0,0.0,0.0,1.0,0.0
-0.08,-0.058823529411764705,0.2591251885369536,0.11320754716981118,-0.8666666666666667,3.0,0.0967153284671535,1.2816556569862865,0.26252813477133863,-0.06587945400101403,5.246791711826095,1.0,0.0,0.0,0.0,0.0,1.0,0.0,0.0,1.0,0.0,0.0,1.0,0.0,0.0,0.0,0.0,1.0,0.0,0.0,1.0,0.0
-0.36,-0.3235294117647059,0.23237807943690306,0.29788131126805095,0.06666666666666667,-1.0,0.2974452554744528,-0.5875032215183863,-0.0492457464955565,0.08279660877754881,0.1499162558583624,0.0,1.0,0.0,1.0,0.0,0.0,0.0,1.0,0.0,0.0,0.0,0.0,1.0,0.0,1.0,0.0,0.0,0.0,1.0,0.0,0.0
0.4,-0.5,0.9428858722976372,0.9602614103510068,0.13333333333333333,0.0,0.2937956204379564,0.2691945977962554,0.016494764798967037,0.09705348310654181,0.4739143073823458,1.0,0.0,1.0,0.0,0.0,0.0,0.0,1.0,0.0,0.0,0.0,0.0,1.0,0.0,0.0,0.0,1.0,0.0,1.0,0.0,0.0
-0.72,-0.4411764705882353,-0.49582704876822487,0.77305786866238,-0.7333333333333333,1.0,0.37773722627737233,0.9545528532479689,-0.4776448741505587,1.5826958499404196,3.8555611428666383,1.0,0.0,0.0,0.0,0.0,0.0,1.0,0.0,0.0,1.0,0.0,0.0,1.0,0.0,0.0,0.0,1.0,0.0,1.0,0.0,0.0
-0.96,-0.8529411764705882,0.5229763700351937,-0.2219879835564457,0.4,2.0,-0.9324817518248175,7.12277715231339,-0.6010317196733128,-0.39499887909994336,-0.2914187827958326,1.0,0.0,0.0,0.0,0.0,0.0,1.0,0.0,1.0,0.0,0.0,1.0,0.0,0.0,0.0,0.0,1.0,1.0,0.0,0.0,0.0
0.84,0.17647058823529413,-0.27742584213172417,-0.6242226204279542,0.0,2.0,-0.6624087591240876,0.5408304917252881,0.07808947808392579,-0.41488822542408516,-0.38360817933878966,0.0,1.0,0.0,1.0,0.0,0.0,0.0,0.0,0.0,1.0,0.0,1.0,0.0,1.0,0.0,0.0,0.0,0.0,0.0,1.0,0.0
-0.4,-0.9411764705882353,0.8276520864756161,-0.33245493833667134,-0.4,0.0,-0.5383211678832116,4.552683694369464,-0.6980754736769589,-0.5304027245751558,0.14201281517670292,0.0,1.0,0.0,0.0,0.0,1.0,0.0,0.0,0.0,1.0,0.0,1.0,0.0,0.0,1.0,0.0,0.0,1.0,0.0,0.0,0.0
-0.44,-0.029411764705882353,-0.8471593765711408,0.38094234215241896,0.4666666666666667,1.0,0.38868613138686153,0.3195885871677049,-0.4735402050895016,2.427263298187792,-0.04695382349601346,0.0,1.0,0.0,0.0,1.0,0.0,0.0,0.0,1.0,0.0,1.0,0.0,0.0,0.0,0.0,0.0,1.0,0.0,0.0,1.0,0.0
0.2,-0.08823529411764706,-0.7367521367521365,0.6718667650469062,0.5333333333333333,0.0,0.5602189781021899,-0.10561069815390037,-0.42240047051517093,2.3693838840232146,0.04594376056565947,0.0,1.0,0.0,0.0,1.0,0.0,0.0,1.0,0.0,0.0,1.0,0.0,0.0,0.0,1.0,0.0,0.0,0.0,0.0,1.0,0.0
0.68,0.4411764705882353,0.2685771744595277,0.4193106356066196,0.9333333333333333,0.0,0.023722627737226488,-0.2790920065651153,0.8363016438212499,0.1459733146771242,-0.19306436168244423,0.0,1.0,1.0,0.0,0.0,0.0,0.0,1.0,0.0,0.0,1.0,0.0,0.0,0.0,0.0,1.0,0.0,0.0,0.0,0.0,1.0
0.28,0.35294117647058826,0.1543489190548016,-0.06345525455887009,0.7333333333333333,1.0,-0.1441605839416057,0.0686908528502754,0.6263753777436867,-0.13953600947315145,-0.3123668722581203,0.0,1.0,0.0,0.0,0.0,1.0,0.0,0.0,0.0,1.0,1.0,0.0,0.0,0.0,1.0,0.0,0.0,0.0,0.0,1.0,0.0
-0.44,-0.20588235294117646,-0.9034690799396676,0.8852113418361969,0.0,-1.0,0.8156934306569344,-0.5875032215183863,-0.5691321072108301,4.108945377422173,0.5830304304379895,0.0,1.0,0.0,0.0,1.0,0.0,0.0,0.0,1.0,0.0,1.0,0.0,0.0,1.0,0.0,0.0,0.0,0.0,0.0,1.0,0.0
0.24,-0.20588235294117646,-0.5662141779788835,-0.8750922314746497,-0.3333333333333333,-1.0,-0.928832116788321,-0.5875032215183863,-0.37600701659861535,-0.585306924496745,-0.46393638783280977,0.0,1.0,0.0,0.0,0.0,0.0,1.0,1.0,0.0,0.0,0.0,1.0,0.0,1.0,0.0,0.0,0.0,0.0,0.0,1.0,0.0
0.76,-0.38235294117647056,0.4763197586727001,0.21608516917887638,0.9333333333333333,2.0,0.10401459854014604,1.5153005167993705,-0.00476067578975276,-0.1054922842075561,-0.26038084356152447,0.0,1.0,0.0,0.0,0.0,1.0,0.0,0.0,0.0,1.0,0.0,1.0,0.0,1.0,0.0,0.0,0.0,0.0,1.0,0.0,0.0
-1.0,-0.29411764705882354,-0.7234791352438408,-0.7469168335617161,-0.26666666666666666,1.0,0.2281021897810219,0.6461416382946977,-0.5053246564961632,-0.2641456029835739,-0.3739123375190378,1.0,0.0,0.0,0.0,1.0,0.0,0.0,0.0,0.0,1.0,1.0,0.0,0.0,1.0,0.0,0.0,0.0,0.0,0.0,1.0,0.0
-0.2,0.4411764705882353,-0.5056812468577171,0.3573310846421419,0.7333333333333333,0.0,-0.7864963503649635,-0.2790920065651153,0.044569385050244256,1.051114476885993,-0.15690297036342343,1.0,0.0,0.0,0.0,0.0,0.0,1.0,0.0,0.0,1.0,1.0,0.0,0.0,0.0,0.0,0.0,1.0,0.0,0.0,0.0,1.0
0.96,-0.20588235294117646,0.7053795877325292,-0.28185938652893444,-0.9333333333333333,0.0,0.9178832116788324,-0.03676890910183097,0.35215633935906726,-0.47735165131532137,7.403502855846213,0.0,1.0,0.0,0.0,0.0,0.0,1.0,0.0,0.0,1.0,0.0,0.0,1.0,0.0,1.0,0.0,0.0,0.0,0.0,1.0,0.0
-1.0,-0.9411764705882353,0.09401709401709422,0.30462738484241597,0.8666666666666667,0.0,-0.2208029197080291,4.552683694369464,-0.7430869949236595,0.1861372291245108,-0.21412819563141838,1.0,0.0,0.0,0.0,0.0,0.0,1.0,0.0,1.0,0.0,1.0,0.0,0.0,0.0,0.0,0.0,1.0,1.0,0.0,0.0,0.0
0.04,-0.6470588235294118,-0.8801407742584209,0.8540107515547593,-0.6666666666666666,-1.0,-0.3156934306569343,-0.5875032215183863,-0.7040227196311557,3.7900829158991676,3.0989909237061535,0.0,1.0,1.0,0.0,0.0,0.0,0.0,0.0,0.0,1.0,0.0,0.0,1.0,1.0,0.0,0.0,0.0,0.0,1.0,0.0,0.0
-0.56,-0.17647058823529413,-0.19135243841126162,-0.5491725519131443,0.13333333333333333,0.0,0.8777372262773725,-0.05575974746102251,-0.13737685735760888,-0.380065686447248,-0.3790021130089299,0.0,1.0,0.0,0.0,0.0,1.0,0.0,0.0,1.0,0.0,0.0,1.0,0.0,0.0,1.0,0.0,0.0,0.0,0.0,1.0,0.0
0.48,0.7352941176470589,-0.06807440925087964,-0.44755981869927275,0.7333333333333333,0.0,-0.5748175182481751,-0.3304938757239938,0.7569639021501188,-0.34350060197308974,-0.45427830975919126,1.0,0.0,0.0,0.0,0.0,1.0,0.0,0.0,1.0,0.0,1.0,0.0,0.0,0.0,0.0,0.0,1.0,0.0,0.0,0.0,1.0
0.04,0.9705882352941176,0.5977878330819508,0.5698324022346368,-0.4,0.0,0.8339416058394161,-0.36073026934686353,1.8949031978785693,0.05089374916595625,1.1050512811554307,1.0,0.0,0.0,0.0,0.0,1.0,0.0,1.0,0.0,0.0,1.0,0.0,0.0,0.0,0.0,1.0,0.0,0.0,0.0,0.0,1.0
0.92,-0.17647058823529413,0.3655103066867774,0.5892273637609361,0.6,1.0,0.5529197080291973,0.4759837265963413,0.192892712053147,0.19825018474809789,-0.018418592823959024,0.0,1.0,1.0,0.0,0.0,0.0,0.0,0.0,1.0,0.0,0.0,0.0,1.0,0.0,0.0,1.0,0.0,0.0,0.0,1.0,0.0
0.84,-0.8823529411764706,0.7506284565108097,-0.306735532834405,0.06666666666666667,1.0,0.04927007299270079,5.580721077547035,-0.6163316885181344,-0.5010658714889508,-0.21307949302953066,1.0,0.0,0.0,0.0,1.0,0.0,0.0,0.0,1.0,0.0,0.0,1.0,0.0,0.0,0.0,1.0,0.0,1.0,0.0,0.0,0.0
-0.04,0.29411764705882354,1.041025641025641,0.7140297248866869,0.7333333333333333,1.0,0.695255474452555,0.09785503393332708,1.3803142457310724,-0.06411780840931101,-0.025116937294371755,1.0,0.0,0.0,0.0,0.0,0.0,1.0,0.0,1.0,0.0,0.0,0.0,1.0,0.0,0.0,0.0,1.0,0.0,0.0,1.0,0.0
-0.52,-0.8235294117647058,0.704776269482152,-0.09296932644671661,-0.3333333333333333,-1.0,-0.39963503649635024,-0.5875032215183863,-0.5364263673575986,-0.371564681838744,0.2873686210230249,0.0,1.0,0.0,0.0,0.0,0.0,1.0,0.0,0.0,1.0,1.0,0.0,0.0,0.0,0.0,1.0,0.0,1.0,0.0,0.0,0.0
-0.16,0.6176470588235294,-0.16621417797888355,0.34468219669020767,0.6666666666666666,0.0,-0.7208029197080291,-0.3121360653101086,0.5386020887336502,0.4716564063907671,-0.13984244277273486,1.0,0.0,0.0,0.0,0.0,1.0,0.0,0.0,0.0,1.0,1.0,0.0,0.0,1.0,0.0,0.0,0.0,0.0,0.0,0.0,1.0
-0.32,0.7647058823529411,0.9155354449472096,-0.5179719616317067,-0.3333333333333333,1.0,0.03467153284671543,-0.08191106585728627,2.0105413495024944,-0.6407246949717872,-0.12088768567599474,1.0,0.0,0.0,0.0,0.0,1.0,0.0,1.0,0.0,0.0,1.0,0.0,0.0,0.0,0.0,1.0,0.0,0.0,0.0,0.0,1.0
1.0,-0.5294117647058824,-0.4149824032176971,-0.15579213660798996,-0.9333333333333333,0.0,0.41423357664233584,0.3195885871677049,-0.5027664358989915,0.2339619050154487,8.614501225915726,0.0,1.0,0.0,0.0,1.0,0.0,0.0,0.0,1.0,0.0,0.0,0.0,1.0,0.0,0.0,0.0,1.0,0.0,1.0,0.0,0.0
0.12,0.3235294117647059,-0.766113624937154,0.3164330135975546,0.6,1.0,-0.3777372262773722,0.08295594142350718,-0.2706017473633773,1.844156561908273,-0.12760420394923408,0.0,1.0,0.0,0.0,1.0,0.0,0.0,0.0,1.0,0.0,1.0,0.0,0.0,0.0,0.0,0.0,1.0,0.0,0.0,1.0,0.0
-0.2,0.7941176470588235,-0.17063851181498207,-0.8400969748076316,0.8666666666666667,0.0,-0.5711678832116788,-0.33878449978187747,0.6798964784366067,-0.6720964459603833,-0.6068492389590255,1.0,0.0,0.0,1.0,0.0,0.0,0.0,0.0,1.0,0.0,0.0,1.0,0.0,0.0,1.0,0.0,0.0,0.0,0.0,0.0,1.0
-0.8,0.11764705882352941,0.8903971845148315,-0.13639717508169083,0.6666666666666666,-1.0,-0.3631386861313867,-0.5875032215183863,0.9651298492315571,-0.44143874550253137,-0.32469182608367986,1.0,0.0,0.0,0.0,0.0,0.0,1.0,0.0,0.0,1.0,1.0,0.0,0.0,1.0,0.0,0.0,0.0,0.0,0.0,1.0,0.0
0.6,0.7647058823529411,0.7025641025641027,0.8156424581005587,-0.9333333333333333,2.0,-0.13321167883211674,0.1708850119732637,1.744852455038348,0.13779950059550097,17.946073950464744,0.0,1.0,0.0,1.0,0.0,0.0,0.0,0.0,1.0,0.0,1.0,0.0,0.0,1.0,0.0,0.0,0.0,0.0,0.0,0.0,1.0
-0.72,1.0294117647058822,-0.026043237807943435,-0.7768525350479604,0.06666666666666667,1.0,0.26824817518248184,-0.14691577158514202,1.0820471111540684,-0.6473673318811077,-0.49532514157206964,1.0,0.0,1.0,0.0,0.0,0.0,0.0,1.0,0.0,0.0,1.0,0.0,0.0,0.0,0.0,1.0,0.0,0.0,0.0,0.0,1.0
0.24,-0.2647058823529412,0.39105077928607346,0.5883841045641405,-0.5333333333333333,0.0,0.22445255474452577,0.005595268776365666,0.10039781975443964,0.18098818885972315,1.6476443821474511,1.0,0.0,0.0,0.0,0.0,0.0,1.0,1.0,0.0,0.0,0.0,0.0,1.0,0.0,1.0,0.0,0.0,0.0,0.0,1.0,0.0
0.52,-0.14705882352941177,-0.4169934640522872,0.7954042373774639,-0.9333333333333333,1.0,-0.3667883211678831,0.44053416165918374,-0.2518469468439186,1.399096343253343,17.75166618536997,1.0,0.0,0.0,0.0,0.0,0.0,1.0,1.0,0.0,0.0,0.0,1.0,0.0,1.0,0.0,0.0,0.0,0.0,0.0,1.0,0.0
-0.2,-0.5,0.6223227752639517,-0.8101612733213872,-0.06666666666666667,2.0,-0.0018248175182480715,1.9825902364255386,-0.1015124142589951,-0.7653674696065091,-0.48823735846965605,1.0,0.0,0.0,0.0,1.0,0.0,0.0,0.0,0.0,1.0,1.0,0.0,0.0,0.0,0.0,0.0,1.0,0.0,1.0,0.0,0.0
-1.04,-0.9411764705882353,0.3059829059829063,-0.1064614735954464,0.2,1.0,-0.6003649635036495,9.692870610257312,-0.7300820214055613,-0.24289222960338383,-0.16084928183436428,1.0,0.0,1.0,0.0,0.0,0.0,0.0,0.0,0.0,1.0,1.0,0.0,0.0,0.0,0.0,0.0,1.0,1.0,0.0,0.0,0.0
-0.96,-0.17647058823529413,0.6561085972850681,-0.9016548961737115,-0.9333333333333333,1.0,-0.5748175182481751,0.4759837265963413,0.36524357077418057,-0.8208522849759066,1.4497650498188446,1.0,0.0,0.0,1.0,0.0,0.0,0.0,0.0,1.0,0.0,1.0,0.0,0.0,1.0,0.0,0.0,0.0,0.0,0.0,1.0,0.0
-0.08,-0.35294117647058826,0.2597285067873304,0.780225571835143,-0.7333333333333333,3.0,-0.114963503649635,2.094333430249188,-0.06901643204315244,0.4091599509266577,3.872774330401072,1.0,0.0,0.0,1.0,0.0,0.0,0.0,1.0,0.0,0.0,1.0,0.0,0.0,0.0,1.0,0.0,0.0,0.0,1.0,0.0,0.0
-0.16,0.3235294117647059,0.8791352438411264,-0.5289343311900496,0.3333333333333333,0.0,0.998175182481752,-0.2522736400474396,1.2771875202431546,-0.641370136792538,-0.4181695598000823,0.0,1.0,0.0,1.0,0.0,0.0,0.0,0.0,0.0,1.0,1.0,0.0,0.0,1.0,0.0,0.0,0.0,0.0,0.0,1.0,0.0
-0.4,-0.8235294117647058,0.5746606334841632,0.9020765257721092,0.26666666666666666,1.0,0.012773722627737278,3.8183712778140566,-0.5550536681366838,0.2611352418185226,0.32040941443277215,0.0,1.0,0.0,1.0,0.0,0.0,0.0,0.0,0.0,1.0,0.0,1.0,0.0,0.0,0.0,1.0,0.0,1.0,0.0,0.0,0.0
-0.16,-0.9705882352941176,-0.49100050276520824,0.13175924949931486,0.8666666666666667,0.0,-0.10401459854014591,7.12277715231339,-0.796821966148819,0.718351939911437,-0.2734341358761031,0.0,1.0,0.0,1.0,0.0,0.0,0.0,0.0,0.0,1.0,0.0,0.0,1.0,0.0,1.0,0.0,0.0,1.0,0.0,0.0,0.0
0.56,0.20588235294117646,-0.8433383609854195,-0.31558975440075904,0.9333333333333333,1.0,0.2937956204379564,0.14680919503702083,-0.3857957063434206,0.8531666435765833,-0.4364930503032676,1.0,0.0,0.0,0.0,1.0,0.0,0.0,1.0,0.0,0.0,0.0,0.0,1.0,0.0,1.0,0.0,0.0,0.0,0.0,1.0,0.0
0.96,0.5,-0.8805429864253389,0.8552756403499525,0.06666666666666667,0.0,-0.6697080291970803,-0.29095397637101034,-0.31900229396710295,3.797061043951374,0.4845608723366014,1.0,0.0,0.0,0.0,0.0,0.0,1.0,0.0,1.0,0.0,0.0,1.0,0.0,0.0,0.0,1.0,0.0,0.0,0.0,0.0,1.0
-0.72,0.7941176470588235,-0.382202111613876,0.9341203752503426,0.2,0.0,0.1587591240875913,-0.33878449978187747,0.4116370246907362,1.479362366991592,0.3944728990150517,1.0,0.0,0.0,0.0,0.0,0.0,1.0,1.0,0.0,0.0,1.0,0.0,0.0,1.0,0.0,0.0,0.0,0.0,0.0,0.0,1.0
0.08,-0.08823529411764706,-0.34479638009049746,-0.14946769263202286,0.4,0.0,0.7572992700729927,-0.10561069815390037,-0.16588744446306666,0.15961006143386738,-0.2582460292280741,0.0,1.0,0.0,0.0,0.0,0.0,1.0,0.0,0.0,1.0,0.0,1.0,0.0,0.0,1.0,0.0,0.0,0.0,0.0,1.0,0.0
-0.12,1.0294117647058822,-0.8614379084967316,0.2721619057657848,0.13333333333333333,0.0,-0.20620437956204377,-0.3672094965517642,-0.11390045354947957,2.27262885086514,0.08509877719280345,0.0,1.0,0.0,0.0,1.0,0.0,0.0,1.0,0.0,0.0,0.0,0.0,1.0,0.0,0.0,1.0,0.0,0.0,0.0,0.0,1.0
0.44,0.5882352941176471,0.2116641528406235,-0.6436175819542532,0.9333333333333333,1.0,0.48357664233576647,-0.026755557966984502,0.9391651440387189,-0.5950890192133461,-0.5451491144151441,1.0,0.0,0.0,0.0,0.0,1.0,0.0,0.0,1.0,0.0,1.0,0.0,0.0,0.0,1.0,0.0,0.0,0.0,0.0,0.0,1.0
0.8,0.11764705882352941,-0.758069381598793,-0.7266786128386215,-0.4,-1.0,0.717153284671533,-0.5875032215183863,-0.34969271534346263,-0.1863174104657,-0.278753991220545,1.0,0.0,0.0,1.0,0.0,0.0,0.0,1.0,0.0,0.0,0.0,1.0,0.0,0.0,0.0,0.0,1.0,0.0,0.0,1.0,0.0
0.96,-0.7058823529411765,0.4304675716440425,-0.2287340571308106,-0.8666666666666667,3.0,0.8521897810218979,5.019973413995633,-0.42894819911757837,-0.37076224472491515,3.6044511129525594,0.0,1.0,0.0,0.0,1.0,0.0,0.0,0.0,0.0,1.0,1.0,0.0,0.0,0.0,0.0,1.0,0.0,1.0,0.0,0.0,0.0
-0.24,0.7058823529411765,-0.6730015082956257,0.03689258985980816,0.4666666666666667,3.0,0.5529197080291973,0.4579585240859222,0.0005490714625762707,0.9990341783040275,-0.1971780056147003,1.0,0.0,0.0,0.0,0.0,1.0,0.0,0.0,0.0,1.0,0.0,1.0,0.0,0.0,0.0,0.0,1.0,0.0,0.0,0.0,1.0
-1.0,0.8823529411764706,0.44092508798391167,0.6891535785812164,0.8,-1.0,-0.906934306569343,-0.5875032215183863,1.5660525771913252,0.21434830082855694,-0.05914521953941453,1.0,0.0,0.0,0.0,1.0,0.0,0.0,0.0,0.0,1.0,0.0,1.0,0.0,0.0,0.0,1.0,0.0,0.0,0.0,0.0,1.0
-0.12,-0.6764705882352942,-0.39607843137254867,0.08495836407715812,0.0,1.0,0.03832116788321183,1.9825902364255386,-0.5951091510882206,0.49873718798189837,0.07054996078538414,0.0,1.0,0.0,1.0,0.0,0.0,0.0,0.0,1.0,0.0,0.0,0.0,1.0,0.0,0.0,1.0,0.0,1.0,0.0,0.0,0.0
-0.8,0.47058823529411764,-0.9286073403720457,0.437862337936123,-0.6,4.0,-0.8631386861313869,0.924316459625099,-0.379009429839669,3.211225506579078,1.798753989242444,1.0,0.0,0.0,0.0,0.0,0.0,1.0,1.0,0.0,0.0,0.0,1.0,0.0,0.0,0.0,0.0,1.0,0.0,0.0,0.0,1.0
-0.12,-0.3235294117647059,0.39386626445449985,-0.18193317170865397,0.2,2.0,-0.7937956204379562,1.3400668719395576,0.030017963068260746,-0.3279035594400048,-0.2011258905750634,1.0,0.0,0.0,0.0,1.0,0.0,0.0,1.0,0.0,0.0,0.0,0.0,1.0,0.0,1.0,0.0,0.0,0.0,1.0,0.0,0.0
-0.72,1.0,0.24424333836098558,-0.5162854432381154,-0.13333333333333333,-1.0,0.22445255474452577,-0.5875032215183863,1.4361097772764617,-0.5106472086330752,-0.2544184038164097,1.0,0.0,0.0,0.0,0.0,0.0,1.0,0.0,1.0,0.0,0.0,0.0,1.0,0.0,0.0,1.0,0.0,0.0,0.0,0.0,1.0
0.56,-0.20588235294117646,-0.4650578179989941,-0.19669020765257725,-0.6666666666666666,0.0,0.5784671532846716,-0.03676890910183097,-0.3180810055205331,0.24725822844943018,1.080390296138779,1.0,0.0,0.0,0.0,0.0,1.0,0.0,0.0,1.0,0.0,1.0,0.0,0.0,0.0,1.0,0.0,0.0,0.0,0.0,1.0,0.0
-0.84,-0.9411764705882353,-0.8602312719959776,-0.4429218931168969,-0.06666666666666667,1.0,-0.9251824817518248,9.692870610257312,-0.8016340531242064,0.6209502235523877,-0.23625943674711783,0.0,1.0,0.0,1.0,0.0,0.0,0.0,0.0,1.0,0.0,1.0,0.0,0.0,0.0,0.0,1.0,0.0,1.0,0.0,0.0,0.0
0.24,0.6176470588235294,0.5521367521367523,-0.13555391588489515,-0.7333333333333333,0.0,-0.6806569343065694,-0.3121360653101086,1.3613126715205683,-0.3512413068060176,1.6735364877664718,0.0,1.0,0.0,0.0,0.0,0.0,1.0,0.0,1.0,0.0,1.0,0.0,0.0,0.0,1.0,0.0,0.0,0.0,0.0,0.0,1.0
-0.76,0.11764705882352941,-0.6667672197083958,0.030146516285443143,-0.4,2.0,0.20255474452554761,0.5986937590711177,-0.2768697991159332,0.9703959297214162,0.5290282734672196,0.0,1.0,0.0,0.0,0.0,1.0,0.0,0.0,0.0,1.0,1.0,0.0,0.0,0.0,0.0,1.0,0.0,0.0,0.0,1.0,0.0
0.0,-0.7647058823529411,-0.23197586726998468,0.051649625803731426,0.6,0.0,0.352189781021898,1.125892417110897,-0.6242531240006951,0.2546528637324507,-0.23358343700436981,0.0,1.0,1.0,0.0,0.0,0.0,0.0,0.0,1.0,0.0,1.0,0.0,0.0,0.0,1.0,0.0,0.0,1.0,0.0,0.0,0.0
0.48,-0.14705882352941177,0.5929612870789344,-0.694634763360388,-0.13333333333333333,2.0,0.593065693430657,0.9545528532479689,0.36780179137135244,-0.6942975045010606,-0.38620443688546136,0.0,1.0,1.0,0.0,0.0,0.0,0.0,0.0,1.0,0.0,0.0,0.0,1.0,0.0,0.0,1.0,0.0,0.0,0.0,1.0,0.0
-0.12,-0.14705882352941177,0.11654097536450507,-0.6305470644039213,-0.6,1.0,-0.12226277372262767,0.44053416165918374,0.07549835432794806,-0.5621035994781975,0.08823566719331129,1.0,0.0,1.0,0.0,0.0,0.0,0.0,1.0,0.0,0.0,1.0,0.0,0.0,1.0,0.0,0.0,0.0,0.0,0.0,1.0,0.0
0.4,0.7647058823529411,-0.9008547008547004,0.2481290186571096,0.5333333333333333,0.0,-0.6332116788321167,-0.33470714368783633,-0.2554662943125861,2.4870929321019384,-0.13103069950702623,0.0,1.0,0.0,0.0,0.0,1.0,0.0,1.0,0.0,0.0,1.0,0.0,0.0,0.0,0.0,0.0,1.0,0.0,0.0,0.0,1.0
0.84,-0.35294117647058826,-0.09643036701860204,0.6714451354485085,0.6666666666666666,-1.0,0.023722627737226488,-0.5875032215183863,-0.23654697799909716,0.6917293403784853,-0.014287427815695121,0.0,1.0,0.0,0.0,0.0,1.0,0.0,0.0,1.0,0.0,1.0,0.0,0.0,0.0,1.0,0.0,0.0,0.0,1.0,0.0,0.0
-0.6,0.9705882352941176,0.6351935646053294,0.7701064614735954,0.7333333333333333,1.0,-0.4580291970802919,-0.1339573171753407,1.9469230919509621,0.14808993623137615,-0.0043988020719322295,1.0,0.0,1.0,0.0,0.0,0.0,0.0,1.0,0.0,0.0,0.0,0.0,1.0,1.0,0.0,0.0,0.0,0.0,0.0,0.0,1.0
-0.36,0.35294117647058826,0.9302161890397185,-0.29240012648887964,0.7333333333333333,5.0,0.5529197080291973,1.3810790015875987,1.3721501494523167,-0.5289348977937708,-0.39695294312868185,1.0,0.0,0.0,0.0,1.0,0.0,0.0,0.0,0.0,1.0,1.0,0.0,0.0,0.0,1.0,0.0,0.0,0.0,0.0,1.0,0.0
0.44,0.058823529411764705,0.25570638511815014,-0.2945082744808687,0.5333333333333333,-1.0,0.8521897810218979,-0.5875032215183863,0.39267246653388904,-0.35530513700150773,-0.35766366479413725,0.0,1.0,0.0,0.0,0.0,0.0,1.0,0.0,1.0,0.0,1.0,0.0,0.0,0.0,1.0,0.0,0.0,0.0,0.0,1.0,0.0
-0.92,-0.7941176470588235,0.40573152337858237,0.7060187625171287,0.6,0.0,-0.501824817518248,1.3400668719395576,-0.5430563538570213,0.24852507949405728,0.02832702430386365,1.0,0.0,0.0,0.0,0.0,0.0,1.0,0.0,1.0,0.0,1.0,0.0,0.0,0.0,0.0,0.0,1.0,1.0,0.0,0.0,0.0
0.04,-0.4117647058823529,-0.8184012066365003,0.12121850953936968,0.4666666666666667,0.0,-0.10036496350364951,0.14680919503702083,-0.598440595917335,1.6978215427087486,-0.16035835313463004,1.0,0.0,0.0,0.0,1.0,0.0,0.0,1.0,0.0,0.0,1.0,0.0,0.0,0.0,1.0,0.0,0.0,0.0,1.0,0.0,0.0
0.44,0.7352941176470589,0.7005530417295124,-0.7532412775376832,-0.26666666666666666,0.0,0.1551094890510949,-0.3304938757239938,1.7001329493260506,-0.7404389650191897,-0.3794352853910483,0.0,1.0,0.0,1.0,0.0,0.0,0.0,1.0,0.0,0.0,1.0,0.0,0.0,0.0,0.0,0.0,1.0,0.0,0.0,0.0,1.0
-0.04,0.058823529411764705,-0.29693313222724954,0.14567302624644257,0.06666666666666667,1.0,0.4799270072992703,0.2460406026796435,-0.02551023031182926,0.4299708404639641,0.058534480859388005,0.0,1.0,0.0,0.0,1.0,0.0,0.0,0.0,0.0,1.0,1.0,0.0,0.0,0.0,1.0,0.0,0.0,0.0,0.0,1.0,0.0
-0.28,-0.35294117647058826,-0.7490196078431369,-0.7283651312322126,-0.8,0.0,-0.5091240875912407,0.08295594142350718,-0.5435128851854555,-0.2007320174056549,0.5681798372710278,0.0,1.0,0.0,0.0,0.0,0.0,1.0,1.0,0.0,0.0,0.0,0.0,1.0,1.0,0.0,0.0,0.0,0.0,1.0,0.0,0.0
-0.72,-0.5294117647058824,1.0080442433383612,0.1477811742384316,0.9333333333333333,0.0,-0.045620437956204254,0.3195885871677049,-0.008018088511553499,-0.3280163016694265,-0.28300588518893316,1.0,0.0,0.0,0.0,0.0,1.0,0.0,0.0,1.0,0.0,1.0,0.0,0.0,1.0,0.0,0.0,0.0,0.0,1.0,0.0,0.0
0.36,-0.8235294117647058,0.6657616892911014,-0.6739749130388955,0.9333333333333333,0.0,-0.3375912408759123,1.6154340281478352,-0.5420116785649286,-0.6916699178477158,-0.5552046884717702,1.0,0.0,1.0,0.0,0.0,0.0,0.0,1.0,0.0,0.0,0.0,1.0,0.0,0.0,0.0,1.0,0.0,1.0,0.0,0.0,0.0
1.0,0.3235294117647059,-0.16641528406234254,-0.10899125118583335,-0.7333333333333333,-1.0,0.9543795620437959,-0.5875032215183863,0.29357226510486356,0.03346544966068442,1.7373265356881935,1.0,0.0,1.0,0.0,0.0,0.0,0.0,0.0,0.0,1.0,0.0,0.0,1.0,0.0,0.0,1.0,0.0,0.0,0.0,1.0,0.0
0.32,-0.38235294117647056,0.2844645550527905,-0.405396858859492,-0.4,-1.0,-0.01277372262773702,-0.5875032215183863,-0.09108211291747166,-0.4435133681637467,0.0641597055438432,0.0,1.0,0.0,1.0,0.0,0.0,0.0,0.0,0.0,1.0,0.0,1.0,0.0,0.0,1.0,0.0,0.0,0.0,1.0,0.0,0.0
0.36,0.6470588235294118,0.5658119658119661,-0.670601876251713,0.13333333333333333,1.0,-0.5711678832116788,-0.04643091458282317,1.4164295754155827,-0.6762982000117529,-0.44761661833649624,1.0,0.0,0.0,1.0,0.0,0.0,0.0,0.0,0.0,1.0,0.0,0.0,1.0,0.0,0.0,0.0,1.0,0.0,0.0,0.0,1.0
-0.68,-0.5294117647058824,-0.12699849170437386,-0.6039843997048593,-0.8,0.0,-0.27554744525547437,0.3195885871677049,-0.40264212365212726,-0.4609772261375575,0.9664457449304549,1.0,0.0,0.0,1.0,0.0,0.0,0.0,1.0,0.0,0.0,0.0,1.0,0.0,1.0,0.0,0.0,0.0,0.0,1.0,0.0,0.0
0.96,0.35294117647058826,-0.37918552036199066,0.6119953620744176,-0.9333333333333333,-1.0,-0.11861313868613127,-0.5875032215183863,0.11353440590776222,1.093318989688186,15.989845814198608,0.0,1.0,0.0,0.0,0.0,0.0,1.0,1.0,0.0,0.0,0.0,1.0,0.0,1.0,0.0,0.0,0.0,0.0,0.0,1.0,0.0
0.16,0.6470588235294118,-0.1459024635495221,0.7157162432802783,0.26666666666666666,0.0,0.5748175182481752,-0.31696706805060476,0.5867640874360317,0.8004755288910804,0.22618986161271865,0.0,1.0,0.0,1.0,0.0,0.0,0.0,1.0,0.0,0.0,1.0,0.0,0.0,0.0,0.0,0.0,1.0,0.0,0.0,0.0,1.0
-0.88,-0.47058823529411764,-0.9093011563599795,-0.6174765468535892,0.6666666666666666,0.0,0.2937956204379564,0.22410523888495842,-0.6560540269867596,0.3459765899850944,-0.5095412093946248,1.0,0.0,0.0,0.0,0.0,1.0,0.0,1.0,0.0,0.0,1.0,0.0,0.0,0.0,1.0,0.0,0.0,0.0,1.0,0.0,0.0
0.48,0.5588235294117647,0.20643539467068905,-0.0002108147991989517,0.6666666666666666,-1.0,0.6405109489051096,-0.5875032215183863,0.9011784471971137,-0.11980185285862134,-0.27236373597900393,0.0,1.0,1.0,0.0,0.0,0.0,0.0,0.0,0.0,1.0,1.0,0.0,0.0,0.0,0.0,1.0,0.0,0.0,0.0,0.0,1.0
0.24,0.23529411764705882,0.15897435897435924,0.9210498577000106,0.5333333333333333,0.0,0.1551094890510949,-0.22888552971225723,0.50628296099639,0.606072510340097,0.15001530872780613,0.0,1.0,0.0,0.0,0.0,0.0,1.0,0.0,0.0,1.0,1.0,0.0,0.0,0.0,0.0,1.0,0.0,0.0,0.0,1.0,0.0
-0.92,0.7058823529411765,-0.8724987430869781,0.05249288500052699,0.06666666666666667,1.0,-0.322992700729927,-0.06477234871623205,-0.24017043836261534,1.8275939782332917,0.0025916213724811255,0.0,1.0,1.0,0.0,0.0,0.0,0.0,0.0,1.0,0.0,0.0,0.0,1.0,0.0,0.0,0.0,1.0,0.0,0.0,0.0,1.0
-0.16,0.7058823529411765,-0.13725490196078405,0.15916517339517236,-0.6,-1.0,-0.7901459854014599,-0.5875032215183863,0.6469974325253897,0.26307543895036795,1.352561167271459,1.0,0.0,0.0,1.0,0.0,0.0,0.0,0.0,1.0,0.0,1.0,0.0,0.0,0.0,1.0,0.0,0.0,0.0,0.0,0.0,1.0
-0.76,-0.3235294117647059,-0.04816490698843603,0.5259829240012649,-0.7333333333333333,-1.0,0.05291970802919719,-0.5875032215183863,-0.18694546609894996,0.5035710620515306,3.2622124431503052,0.0,1.0,0.0,0.0,1.0,0.0,0.0,0.0,0.0,1.0,1.0,0.0,0.0,0.0,0.0,1.0,0.0,0.0,1.0,0.0,0.0
0.08,-0.20588235294117646,0.9919557566616392,-0.3961210076947403,-0.7333333333333333,-1.0,0.41058394160583944,-0.5875032215183863,0.5162608439043301,-0.5908940838609137,1.0477864938676769,1.0,0.0,0.0,1.0,0.0,0.0,0.0,0.0,1.0,0.0,0.0,0.0,1.0,0.0,0.0,1.0,0.0,0.0,0.0,1.0,0.0
-0.92,-0.5588235294117647,0.37918552036199127,-0.33962264150943405,0.4666666666666667,2.0,0.7791970802919709,2.3038519186685296,-0.2622936997648451,-0.42734576901735155,-0.3615777539382143,0.0,1.0,1.0,0.0,0.0,0.0,0.0,0.0,1.0,0.0,0.0,0.0,1.0,0.0,0.0,1.0,0.0,0.0,1.0,0.0,0.0
0.04,0.17647058823529413,-0.20764203117144267,0.06598503214925679,0.0,0.0,-0.049270072992700656,-0.21139198377049484,0.13660363312566653,0.2436514620479998,0.05839947546696106,1.0,0.0,0.0,0.0,1.0,0.0,0.0,0.0,0.0,1.0,1.0,0.0,0.0,0.0,1.0,0.0,0.0,0.0,0.0,1.0,0.0
0.8,0.9117647058823529,-0.4009049773755653,0.80383682934542,-0.2,0.0,-0.4543795620437955,-0.3538583617053022,0.4666593320041829,1.3699759707471375,0.8398781895302132,1.0,0.0,1.0,0.0,0.0,0.0,0.0,1.0,0.0,0.0,1.0,0.0,0.0,0.0,0.0,0.0,1.0,0.0,0.0,0.0,1.0
0.04,-0.7941176470588235,0.4507792860734038,-0.46316011383999167,-0.06666666666666667,3.0,0.10766423357664244,7.12277715231339,-0.5356860462844623,-0.5267157374797431,-0.25014570568245864,0.0,1.0,0.0,0.0,0.0,0.0,1.0,0.0,1.0,0.0,1.0,0.0,0.0,0.0,1.0,0.0,0.0,1.0,0.0,0.0,0.0
0.16,0.08823529411764706,0.3731523378582203,-0.5985032149256879,0.9333333333333333,-1.0,0.0821167883211679,-0.5875032215183863,0.5170587455053771,-0.5979796574366821,-0.5302054140809914,1.0,0.0,1.0,0.0,0.0,0.0,0.0,0.0,0.0,1.0,1.0,0.0,0.0,0.0,1.0,0.0,0.0,0.0,0.0,1.0,0.0
-0.44,-0.5882352941176471,0.8045248868778281,0.8742489722778538,0.9333333333333333,2.0,0.41788321167883224,2.496608928014324,-0.16745034450635488,0.11794127997595348,-0.04237041158383922,0.0,1.0,0.0,0.0,1.0,0.0,0.0,1.0,0.0,0.0,0.0,1.0,0.0,0.0,1.0,0.0,0.0,0.0,1.0,0.0,0.0
0.96,0.6764705882352942,0.2542986425339368,0.8097396437229895,0.4666666666666667,0.0,-0.4945255474452554,-0.3216314844897044,1.086373876537066,0.43482436378957995,0.14027410936514415,1.0,0.0,0.0,1.0,0.0,0.0,0.0,1.0,0.0,0.0,1.0,0.0,0.0,1.0,0.0,0.0,0.0,0.0,0.0,0.0,1.0
0.2,0.9705882352941176,-0.619507290095525,-0.30800042162959845,-0.13333333333333333,2.0,-0.8740875912408758,0.09281563499618214,0.20201922572698006,0.3226098602315583,-0.10051225644971575,1.0,0.0,1.0,0.0,0.0,0.0,0.0,0.0,1.0,0.0,1.0,0.0,0.0,0.0,1.0,0.0,0.0,0.0,0.0,0.0,1.0
0.4,0.47058823529411764,-0.7077928607340368,0.4075050068514809,-0.26666666666666666,1.0,0.1222627737226278,0.01722465093900782,-0.1486955439868962,1.756345078206456,0.6342097473852871,0.0,1.0,1.0,0.0,0.0,0.0,0.0,0.0,0.0,1.0,1.0,0.0,0.0,0.0,1.0,0.0,0.0,0.0,0.0,0.0,1.0
0.68,-0.7647058823529411,-0.38501759678230235,0.31474649520396325,0.6666666666666666,1.0,0.914233576642336,2.8392880557401807,-0.6524223408335399,0.7540505230657207,-0.15134490220750885,0.0,1.0,0.0,1.0,0.0,0.0,0.0,0.0,1.0,0.0,0.0,1.0,0.0,0.0,0.0,1.0,0.0,1.0,0.0,0.0,0.0
-0.28,-0.5294117647058824,-0.2120663650075412,-0.714451354485085,-0.5333333333333333,-1.0,0.436131386861314,-0.5875032215183863,-0.43221795052393136,-0.5358823559333289,-0.14021274327767733,0.0,1.0,0.0,1.0,0.0,0.0,0.0,1.0,0.0,0.0,1.0,0.0,0.0,1.0,0.0,0.0,0.0,0.0,1.0,0.0,0.0
0.28,0.35294117647058826,0.965208647561589,0.5673026246442501,0.9333333333333333,0.0,0.009124087591240877,-0.2594061843340555,1.4057854035418198,-0.10818456345249966,-0.14404343815639195,1.0,0.0,0.0,0.0,1.0,0.0,0.0,0.0,1.0,0.0,0.0,1.0,0.0,0.0,0.0,1.0,0.0,0.0,0.0,1.0,0.0
-0.8,-0.4117647058823529,0.49683257918552054,0.5913355117529251,0.8,0.0,-0.42153284671532837,0.14680919503702083,-0.03357561711416667,0.11854785785965917,-0.09394660958724395,0.0,1.0,0.0,0.0,1.0,0.0,0.0,1.0,0.0,0.0,0.0,0.0,1.0,0.0,0.0,1.0,0.0,0.0,1.0,0.0,0.0
0.48,0.8529411764705882,0.9656108597285069,-0.8624433435227155,0.26666666666666666,0.0,-0.12956204379562034,-0.3465569598361434,2.2159064151905663,-0.8184508078682438,-0.571692007630405,1.0,0.0,0.0,0.0,0.0,1.0,0.0,1.0,0.0,0.0,0.0,0.0,1.0,0.0,1.0,0.0,0.0,0.0,0.0,0.0,1.0
-0.04,0.8529411764705882,-0.7862242332830564,0.41762411721302845,0.13333333333333333,-1.0,-0.16970802919708025,-0.5875032215183863,-0.07704891568668372,2.144296343573921,0.16729323669978385,1.0,0.0,0.0,1.0,0.0,0.0,0.0,0.0,1.0,0.0,1.0,0.0,0.0,0.0,1.0,0.0,0.0,0.0,0.0,0.0,1.0
0.88,0.5882352941176471,-0.44112619406737025,0.8316643828396754,0.3333333333333333,0.0,0.26094890510948926,-0.30712938974268544,0.20489002633280948,1.5060262024116036,0.23532404224244552,1.0,0.0,0.0,0.0,0.0,1.0,0.0,0.0,0.0,1.0,1.0,0.0,0.0,1.0,0.0,0.0,0.0,0.0,0.0,0.0,1.0
-0.52,0.7941176470588235,1.0060331825037707,0.5331506271740276,-0.8666666666666667,2.0,-0.01277372262773702,0.1586529436911403,2.1718984402874506,-0.13935040630841147,7.263772274684347,1.0,0.0,0.0,1.0,0.0,0.0,0.0,0.0,0.0,1.0,1.0,0.0,0.0,0.0,0.0,0.0,1.0,0.0,0.0,0.0,1.0
-0.88,0.7352941176470589,0.3423831070889895,0.9349636344471383,0.6666666666666666,0.0,-0.5529197080291971,-0.3304938757239938,1.260629005574001,0.44826789294874586,0.08696661650449822,1.0,0.0,0.0,0.0,0.0,1.0,0.0,0.0,1.0,0.0,1.0,0.0,0.0,0.0,1.0,0.0,0.0,0.0,0.0,0.0,1.0
1.0,-0.9705882352941176,-0.5967823026646553,0.8708759354906715,-0.13333333333333333,1.0,-0.6113138686131386,14.833057526145165,-0.8011487315318169,2.063737153533681,0.7705840756095476,1.0,0.0,0.0,0.0,1.0,0.0,0.0,1.0,0.0,0.0,1.0,0.0,0.0,0.0,1.0,0.0,0.0,1.0,0.0,0.0,0.0
0.32,-0.11764705882352941,-0.7882352941176466,0.3400442711078317,-0.5333333333333333,0.0,-0.049270072992700656,-0.09006577804536857,-0.46785618440575355,1.9990852823952878,1.3068521986926287,0.0,1.0,1.0,0.0,0.0,0.0,0.0,0.0,0.0,1.0,0.0,0.0,1.0,1.0,0.0,0.0,0.0,0.0,0.0,1.0,0.0
0.04,-0.4411764705882353,-0.536450477626948,0.38347211974280593,-0.4666666666666667,1.0,-0.7864963503649635,0.9545528532479689,-0.49426096934762287,1.1621145029407196,1.107526380016591,0.0,1.0,0.0,0.0,1.0,0.0,0.0,1.0,0.0,0.0,0.0,1.0,0.0,1.0,0.0,0.0,0.0,0.0,1.0,0.0,0.0
0.24,0.38235294117647056,-0.8998491704374054,-0.5597132918730895,-0.3333333333333333,1.0,-0.01642335766423342,0.05502014296759493,-0.3774547555860823,0.4637098354323326,-0.16098428722679117,0.0,1.0,0.0,1.0,0.0,0.0,0.0,0.0,0.0,1.0,1.0,0.0,0.0,0.0,1.0,0.0,0.0,0.0,0.0,1.0,0.0
-0.44,0.14705882352941177,-0.6305681246857714,-0.3400442711078318,0.5333333333333333,0.0,0.0894160583941607,-0.20198920282679753,-0.2330098884274449,0.29122688181262846,-0.3766818157273214,1.0,0.0,0.0,0.0,0.0,0.0,1.0,0.0,0.0,1.0,0.0,1.0,0.0,1.0,0.0,0.0,0.0,0.0,0.0,1.0,0.0
-0.08,0.8235294117647058,0.5780794369029666,-0.5664593654474546,-0.8,-1.0,0.1916058394160584,-0.5875032215183863,1.6689654321470035,-0.6159736278933101,1.0866005441904174,0.0,1.0,0.0,0.0,1.0,0.0,0.0,0.0,0.0,1.0,0.0,1.0,0.0,1.0,0.0,0.0,0.0,0.0,0.0,0.0,1.0
0.68,0.029411764705882353,1.0303670186023128,-0.08790977126594297,0.0,0.0,0.009124087591240877,-0.1591543118610655,0.929902904834811,-0.4477056765048486,-0.0401544610046938,0.0,1.0,0.0,1.0,0.0,0.0,0.0,0.0,1.0,0.0,1.0,0.0,0.0,0.0,0.0,1.0,0.0,0.0,0.0,1.0,0.0
-0.04,0.6176470588235294,-0.7693313222724983,0.8881627490249815,-0.06666666666666667,-1.0,-0.9653284671532846,-0.5875032215183863,-0.15213392408213033,2.9725554097149853,0.6770520430210263,0.0,1.0,1.0,0.0,0.0,0.0,0.0,0.0,1.0,0.0,0.0,1.0,0.0,1.0,0.0,0.0,0.0,0.0,0.0,0.0,1.0
0.6,-0.08823529411764706,0.15857214680744128,0.33498471592705803,0.6666666666666666,-1.0,0.5164233576642339,-0.5875032215183863,0.16353898150328386,0.16104860561514245,-0.143568591603718,0.0,1.0,0.0,0.0,0.0,0.0,1.0,0.0,0.0,1.0,0.0,0.0,1.0,0.0,1.0,0.0,0.0,0.0,0.0,1.0,0.0
0.12,0.6764705882352942,-0.1823026646556056,-0.3741962685780542,0.7333333333333333,2.0,-0.5857664233576642,0.2101119895676594,0.5684863827192611,-0.21305598107137247,-0.4271733809719395,1.0,0.0,0.0,0.0,1.0,0.0,0.0,0.0,1.0,0.0,1.0,0.0,0.0,0.0,1.0,0.0,0.0,0.0,0.0,0.0,1.0
0.08,-0.9411764705882353,-0.03951734539969812,0.10856962158743545,-0.06666666666666667,2.0,0.4069343065693433,14.833057526145165,-0.7512798814663704,0.12935872362169107,0.14214139174091903,1.0,0.0,0.0,1.0,0.0,0.0,0.0,0.0,1.0,0.0,0.0,0.0,1.0,0.0,0.0,1.0,0.0,1.0,0.0,0.0,0.0
0.92,-0.2647058823529412,0.6818501759678233,0.03689258985980816,0.0,0.0,0.11496350364963524,0.005595268776365666,0.2550262145635553,-0.29164014073720396,0.039768731312045454,1.0,0.0,0.0,0.0,0.0,1.0,0.0,0.0,1.0,0.0,0.0,1.0,0.0,0.0,1.0,0.0,0.0,0.0,0.0,1.0,0.0
-0.32,0.4117647058823529,0.08174962292609374,-0.5365236639612101,0.2,1.0,-0.44343065693430656,0.04190742124339121,0.6157024156059684,-0.47752047930345987,-0.39035844896013583,0.0,1.0,0.0,1.0,0.0,0.0,0.0,0.0,0.0,1.0,0.0,0.0,1.0,0.0,1.0,0.0,0.0,0.0,0.0,0.0,1.0
-0.12,0.17647058823529413,0.18049270990447475,-0.2725835353641826,-0.4,-1.0,-0.70985401459854,-0.5875032215183863,0.46205700266618416,-0.3099386969305775,0.2059153675921139,0.0,1.0,0.0,0.0,1.0,0.0,0.0,1.0,0.0,0.0,0.0,1.0,0.0,0.0,1.0,0.0,0.0,0.0,0.0,1.0,0.0
0.2,-0.14705882352941177,0.27983911513323284,-0.35606619584694854,-0.8666666666666667,2.0,-0.5748175182481751,0.9545528532479689,0.17568847289242417,-0.4073630467486485,2.9928766852585906,0.0,1.0,0.0,0.0,1.0,0.0,0.0,0.0,1.0,0.0,1.0,0.0,0.0,0.0,0.0,1.0,0.0,0.0,0.0,1.0,0.0
-0.04,0.08823529411764706,0.9032679738562092,-0.5432697375355752,0.2,0.0,0.17700729927007305,-0.18169899131671396,0.9290391969161516,-0.6519648550041323,-0.39395859275818723,0.0,1.0,0.0,0.0,1.0,0.0,0.0,0.0,0.0,1.0,0.0,0.0,1.0,1.0,0.0,0.0,0.0,0.0,0.0,1.0,0.0
-0.36,-0.5294117647058824,0.4113624937154351,-0.7675766838832087,-0.06666666666666667,2.0,0.9069343065693432,2.1337722045398873,-0.21546839188896,-0.7157438964182238,-0.4590183342515432,0.0,1.0,0.0,0.0,1.0,0.0,0.0,0.0,0.0,1.0,0.0,0.0,1.0,0.0,1.0,0.0,0.0,0.0,1.0,0.0,0.0
-0.08,0.0,-0.8264454499748612,0.6364498787814905,0.3333333333333333,2.0,0.8193430656934308,0.7342591282813467,-0.4481554180706204,2.847447567822047,0.14156279720194642,0.0,1.0,0.0,0.0,1.0,0.0,0.0,1.0,0.0,0.0,1.0,0.0,0.0,0.0,1.0,0.0,0.0,0.0,0.0,1.0,0.0
0.8,0.7941176470588235,-0.4847662141779786,-0.15031095182881843,0.2,1.0,-0.7499999999999999,-0.09006577804536857,0.28158728950975326,0.33515933541471266,-0.18425021652169785,0.0,1.0,0.0,1.0,0.0,0.0,0.0,1.0,0.0,0.0,0.0,0.0,1.0,0.0,0.0,0.0,1.0,0.0,0.0,0.0,1.0
0.92,-0.5294117647058824,-0.02061337355454985,0.920206598503215,-0.6666666666666666,0.0,0.2937956204379564,0.3195885871677049,-0.3656548602592563,0.813370363590506,3.226166003372317,1.0,0.0,1.0,0.0,0.0,0.0,0.0,0.0,1.0,0.0,1.0,0.0,0.0,0.0,0.0,1.0,0.0,0.0,1.0,0.0,0.0
0.08,0.08823529411764706,0.41417797888386143,-0.37208812058606516,0.7333333333333333,4.0,-0.43978102189781015,1.4415179294899756,0.548941906388457,-0.45874838274856605,-0.426394503707938,1.0,0.0,0.0,0.0,1.0,0.0,0.0,1.0,0.0,0.0,1.0,0.0,0.0,0.0,1.0,0.0,0.0,0.0,0.0,1.0,0.0
-0.92,0.6470588235294118,-0.49361488185017566,0.29745968166965325,-0.26666666666666666,-1.0,-0.9397810218978101,-0.5875032215183863,0.18142596120923235,0.943736963639499,0.5381104544123038,0.0,1.0,0.0,0.0,1.0,0.0,0.0,1.0,0.0,0.0,0.0,1.0,0.0,0.0,0.0,0.0,1.0,0.0,0.0,0.0,1.0
-0.92,-0.23529411764705882,-0.45902463549522343,0.6069358068936439,0.5333333333333333,1.0,0.17700729927007305,0.5547605375678025,-0.3331218619897568,1.2671750526252241,0.018825286086859964,1.0,0.0,0.0,0.0,0.0,0.0,1.0,1.0,0.0,0.0,0.0,0.0,1.0,0.0,1.0,0.0,0.0,0.0,0.0,1.0,0.0
-0.4,0.0,-0.27199597787833046,0.5200801096236954,0.6666666666666666,2.0,-0.7244525547445255,0.7342591282813467,-0.05128162944668187,0.7952848132266751,-0.07244775087321417,1.0,0.0,0.0,0.0,0.0,1.0,0.0,1.0,0.0,0.0,0.0,1.0,0.0,1.0,0.0,0.0,0.0,0.0,0.0,1.0,0.0
-0.68,0.6176470588235294,0.23680241327300158,0.08453673447876046,0.13333333333333333,0.0,0.3959854014598541,-0.3121360653101086,1.0001676004651687,-0.074281022786143,-0.020920163330693093,1.0,0.0,0.0,0.0,0.0,0.0,1.0,0.0,0.0,1.0,1.0,0.0,0.0,0.0,1.0,0.0,0.0,0.0,0.0,0.0,1.0
0.04,0.08823529411764706,-0.9278029160382099,0.10772636239063987,0.06666666666666667,-1.0,-0.8412408759124087,-0.5875032215183863,-0.49398129249777134,2.3268362161651184,0.0357523208873445,1.0,0.0,0.0,0.0,0.0,0.0,1.0,0.0,0.0,1.0,0.0,0.0,1.0,0.0,0.0,1.0,0.0,0.0,0.0,1.0,0.0
-0.2,0.9705882352941176,0.7970839617898444,0.6254875092231473,-0.6666666666666666,1.0,-0.6003649635036495,-0.1339573171753407,2.1720629560814815,-0.011574579372371581,2.659953387533795,0.0,1.0,0.0,0.0,0.0,1.0,0.0,0.0,1.0,0.0,1.0,0.0,0.0,0.0,0.0,1.0,0.0,0.0,0.0,0.0,1.0
0.88,-0.5294117647058824,0.8105580693815988,-0.04321703383577528,0.4666666666666667,0.0,-0.020072992700729823,0.3195885871677049,-0.0766787551501155,-0.3732049369011882,-0.2321566754707671,0.0,1.0,0.0,0.0,1.0,0.0,0.0,1.0,0.0,0.0,0.0,1.0,0.0,0.0,0.0,1.0,0.0,0.0,1.0,0.0,0.0
0.4,-0.5294117647058824,0.24444444444444471,-0.2194582059660589,0.5333333333333333,1.0,0.5529197080291973,1.2266803958537962,-0.273501338233162,-0.2971495064680464,-0.3263189345524078,0.0,1.0,0.0,0.0,0.0,0.0,1.0,1.0,0.0,0.0,1.0,0.0,0.0,0.0,0.0,1.0,0.0,0.0,1.0,0.0,0.0
0.12,1.0,-0.4525892408245346,-0.3885316749235797,0.8666666666666667,3.0,-0.1478102189781021,0.30644232907080504,0.45277831188287304,-0.012768818805129327,-0.4519305511491296,1.0,0.0,0.0,1.0,0.0,0.0,0.0,0.0,0.0,1.0,0.0,1.0,0.0,0.0,0.0,0.0,1.0,0.0,0.0,0.0,1.0
0.84,-0.6176470588235294,0.7777777777777779,0.41382945082744804,0.0,-1.0,-0.9908759124087592,-0.5875032215183863,-0.21944556120964348,-0.1174667596725607,0.2811583729713864,1.0,0.0,0.0,0.0,0.0,1.0,0.0,1.0,0.0,0.0,1.0,0.0,0.0,0.0,0.0,1.0,0.0,0.0,1.0,0.0,0.0
0.04,-0.9117647058823529,0.3289089994972351,0.04954147781174239,0.3333333333333333,1.0,-0.9872262773722628,7.12277715231339,-0.6940654011974694,-0.1458279480244785,-0.14032846218547174,0.0,1.0,0.0,0.0,1.0,0.0,0.0,1.0,0.0,0.0,1.0,0.0,0.0,1.0,0.0,0.0,0.0,1.0,0.0,0.0,0.0
0.24,-0.7941176470588235,-0.6380090497737553,0.9568883735638242,-0.7333333333333333,-1.0,0.10401459854014604,-0.5875032215183863,-0.7138237480605131,2.372144115317585,4.297028776102682,1.0,0.0,1.0,0.0,0.0,0.0,0.0,0.0,0.0,1.0,0.0,0.0,1.0,0.0,0.0,1.0,0.0,1.0,0.0,0.0,0.0
-1.0,-0.47058823529411764,0.07269984917043758,-0.2907136080952884,-0.8666666666666667,0.0,0.6295620437956204,0.22410523888495842,-0.27447198141794105,-0.27654958329105145,3.30676422265119,1.0,0.0,0.0,1.0,0.0,0.0,0.0,1.0,0.0,0.0,0.0,0.0,1.0,0.0,0.0,1.0,0.0,0.0,1.0,0.0,0.0
0.04,-0.7058823529411765,0.5684263448969333,0.5706756614314323,0.9333333333333333,-1.0,-0.8010948905109488,-0.5875032215183863,-0.39791229457375493,0.06660098589452806,-0.14292615215010027,0.0,1.0,0.0,0.0,1.0,0.0,0.0,1.0,0.0,0.0,0.0,1.0,0.0,1.0,0.0,0.0,0.0,1.0,0.0,0.0,0.0
-0.32,0.7352941176470589,-0.9227752639517341,0.5862759565721515,-0.13333333333333333,-1.0,-0.9799270072992701,-0.5875032215183863,-0.29182428479329103,3.5457851488226684,0.5602872143291461,1.0,0.0,1.0,0.0,0.0,0.0,0.0,0.0,0.0,1.0,0.0,0.0,1.0,0.0,0.0,0.0,1.0,0.0,0.0,0.0,1.0
0.0,0.35294117647058826,-0.7061840120663646,0.9619479287445979,0.3333333333333333,-1.0,-0.1478102189781021,-0.5875032215183863,-0.20078124437690148,2.7255969172537866,0.29789904163232495,1.0,0.0,0.0,0.0,0.0,0.0,1.0,1.0,0.0,0.0,0.0,0.0,1.0,0.0,0.0,0.0,1.0,0.0,0.0,1.0,0.0
0.88,0.9705882352941176,-0.5177476118652586,-0.6996943185411617,-0.4,-1.0,0.695255474452555,-0.5875032215183863,0.3435357117518773,-0.3662439697504919,-0.24995284083613448,0.0,1.0,0.0,0.0,1.0,0.0,0.0,0.0,1.0,0.0,0.0,1.0,0.0,0.0,0.0,0.0,1.0,0.0,0.0,0.0,1.0
-0.6,0.8235294117647058,-0.2754147812971339,0.46695478022557185,0.0,1.0,0.7937956204379563,-0.09796161048144823,0.5692925101100099,0.7442831815851685,0.3151797318629714,0.0,1.0,0.0,0.0,0.0,1.0,0.0,0.0,0.0,1.0,0.0,1.0,0.0,0.0,1.0,0.0,0.0,0.0,0.0,0.0,1.0
0.88,1.0294117647058822,-0.2748114630467568,-0.34299567829661654,-0.06666666666666667,0.0,-0.541970802919708,-0.3672094965517642,0.7259115460268926,-0.11733197445204369,-0.1676959838788726,0.0,1.0,0.0,0.0,0.0,0.0,1.0,0.0,0.0,1.0,1.0,0.0,0.0,1.0,0.0,0.0,0.0,0.0,0.0,0.0,1.0
0.88,-0.47058823529411764,0.689894419306184,-0.43027300516496264,-0.4,2.0,0.9689781021897812,1.8473221596916478,-0.03464496977536393,-0.55740392858958,0.03760864503321461,0.0,1.0,0.0,1.0,0.0,0.0,0.0,1.0,0.0,0.0,1.0,0.0,0.0,0.0,0.0,0.0,1.0,0.0,1.0,0.0,0.0
0.32,-0.9117647058823529,-0.47752639517345374,-0.5133340360493307,-0.8666666666666667,0.0,-0.7281021897810218,3.2676369653975015,-0.7600362346036352,-0.1493704405370263,2.237521514629949,0.0,1.0,0.0,0.0,0.0,1.0,0.0,0.0,0.0,1.0,1.0,0.0,0.0,0.0,0.0,1.0,0.0,1.0,0.0,0.0,0.0
-0.48,-0.4411764705882353,0.6927099044746103,-0.28270264572573,0.06666666666666667,0.0,0.7901459854014601,0.18352481586479127,0.008499297209092456,-0.47491772457505005,-0.19865079171390315,0.0,1.0,0.0,0.0,0.0,1.0,0.0,0.0,1.0,0.0,1.0,0.0,0.0,0.0,1.0,0.0,0.0,0.0,1.0,0.0,0.0
-0.32,0.5882352941176471,-0.8465560583207637,0.7987772741646464,0.6,1.0,0.9105839416058396,-0.026755557966984502,-0.25114775471928974,3.3584929953780596,0.06545350722126778,1.0,0.0,0.0,1.0,0.0,0.0,0.0,0.0,1.0,0.0,1.0,0.0,0.0,0.0,1.0,0.0,0.0,0.0,0.0,0.0,1.0
0.44,-0.4411764705882353,-0.23881347410759143,0.45767892906082014,0.5333333333333333,1.0,0.23905109489051113,0.9545528532479689,-0.37251928176517213,0.6796206028005011,-0.043511986416354634,0.0,1.0,0.0,0.0,0.0,1.0,0.0,1.0,0.0,0.0,0.0,0.0,1.0,0.0,0.0,0.0,1.0,0.0,1.0,0.0,0.0
0.72,-0.47058823529411764,-0.28908999497234755,0.7591440919152526,-0.9333333333333333,0.0,0.4324817518248176,0.22410523888495842,-0.41505484031171624,1.080457163355331,17.403352272908506,1.0,0.0,0.0,0.0,1.0,0.0,0.0,0.0,1.0,0.0,0.0,1.0,0.0,0.0,0.0,1.0,0.0,0.0,1.0,0.0,0.0
0.24,-0.6764705882352942,0.5157365510306688,-0.0006324443975968551,0.3333333333333333,0.0,0.3010948905109489,0.6975435074535762,-0.37133476804815374,-0.2566004381189262,-0.16442692473367784,1.0,0.0,0.0,0.0,0.0,1.0,0.0,0.0,0.0,1.0,1.0,0.0,0.0,1.0,0.0,0.0,0.0,1.0,0.0,0.0,0.0
-0.64,0.9411764705882353,0.6826546003016591,-0.7351112048065775,-0.3333333333333333,-1.0,0.14051094890510954,-0.5875032215183863,1.9710822363043174,-0.7283615116452637,-0.32947101697559295,0.0,1.0,1.0,0.0,0.0,0.0,0.0,0.0,1.0,0.0,1.0,0.0,0.0,0.0,1.0,0.0,0.0,0.0,0.0,0.0,1.0
0.52,0.11764705882352941,0.36993464052287595,0.30715716243280267,-0.2,1.0,-0.9470802919708028,0.20329476554128292,0.5500071461548033,0.007077534197776611,0.4422873088329207,1.0,0.0,0.0,1.0,0.0,0.0,0.0,1.0,0.0,0.0,0.0,1.0,0.0,1.0,0.0,0.0,0.0,0.0,0.0,1.0,0.0
-0.56,-0.7058823529411765,-0.5213675213675211,0.3543796774533573,-0.26666666666666666,-1.0,-0.7937956204379562,-0.5875032215183863,-0.6430778437326167,1.0843264372434265,0.5878169852603987,0.0,1.0,0.0,0.0,0.0,1.0,0.0,1.0,0.0,0.0,1.0,0.0,0.0,0.0,0.0,0.0,1.0,1.0,0.0,0.0,0.0
-0.32,-0.7058823529411765,-0.6516842634489689,-0.89617371139454,-0.9333333333333333,0.0,-0.13321167883211674,0.8143659373601183,-0.672394558228823,-0.5758548921488138,1.5024171528653452,0.0,1.0,0.0,0.0,1.0,0.0,0.0,1.0,0.0,0.0,1.0,0.0,0.0,1.0,0.0,0.0,0.0,1.0,0.0,0.0,0.0
-0.8,-0.5588235294117647,-0.438914027149321,-0.18952250447981456,0.0,-1.0,0.24635036496350365,-0.5875032215183863,-0.5299937998110125,0.22238802468566954,-0.10522706015447142,1.0,0.0,0.0,1.0,0.0,0.0,0.0,1.0,0.0,0.0,0.0,0.0,1.0,0.0,0.0,0.0,1.0,0.0,1.0,0.0,0.0
0.24,-0.8529411764705882,-0.5177476118652586,0.2763782017497629,0.8666666666666667,2.0,0.7062043795620438,7.12277715231339,-0.7287371047893633,0.9689230961746145,-0.2238196541592083,1.0,0.0,1.0,0.0,0.0,0.0,0.0,1.0,0.0,0.0,1.0,0.0,0.0,0.0,0.0,1.0,0.0,1.0,0.0,0.0,0.0
-0.44,0.47058823529411764,-0.8025138260432374,-0.21987983556445667,-0.5333333333333333,1.0,-0.7317518248175182,0.01722465093900782,-0.24749139119696542,0.9193611940826709,0.5384786509371043,0.0,1.0,0.0,0.0,0.0,0.0,1.0,0.0,0.0,1.0,0.0,0.0,1.0,1.0,0.0,0.0,0.0,0.0,0.0,0.0,1.0
-0.04,0.14705882352941177,-0.6333836098541978,-0.7945609781806684,-0.5333333333333333,1.0,-0.6295620437956203,0.18352481586479127,-0.2353131095438696,-0.42420456279852325,-0.25014570568245864,0.0,1.0,1.0,0.0,0.0,0.0,0.0,0.0,0.0,1.0,0.0,0.0,1.0,0.0,0.0,1.0,0.0,0.0,0.0,1.0,0.0
-0.16,0.08823529411764706,-0.8067370537958769,0.9223147464952041,0.9333333333333333,0.0,-0.5383211678832116,-0.18169899131671396,-0.3998947098918206,3.3070619312340455,-0.02644908599418121,1.0,0.0,1.0,0.0,0.0,0.0,0.0,0.0,1.0,0.0,1.0,0.0,0.0,0.0,0.0,1.0,0.0,0.0,0.0,1.0,0.0
-0.56,-0.4117647058823529,-0.6339869281045747,-0.24138294508274483,-0.26666666666666666,-1.0,0.11496350364963524,-0.5875032215183863,-0.5192385797762791,0.4535070947802438,0.06755529571700523,1.0,0.0,0.0,1.0,0.0,0.0,0.0,0.0,0.0,1.0,0.0,0.0,1.0,0.0,1.0,0.0,0.0,0.0,1.0,0.0,0.0
0.56,-0.7058823529411765,-0.6122674710910001,0.1503109518288183,-0.13333333333333333,1.0,0.717153284671533,2.2162350962386235,-0.6635271569305877,1.0161629971340327,0.23814357793813096,0.0,1.0,1.0,0.0,0.0,0.0,0.0,0.0,0.0,1.0,1.0,0.0,0.0,0.0,0.0,1.0,0.0,1.0,0.0,0.0,0.0
-1.04,-0.8823529411764706,0.3820010055304176,0.6828291346052493,-0.2,1.0,-0.08576642335766416,5.580721077547035,-0.6540263698253357,0.24944228853845685,0.7430118204638949,1.0,0.0,0.0,0.0,0.0,1.0,0.0,0.0,0.0,1.0,0.0,1.0,0.0,0.0,0.0,0.0,1.0,1.0,0.0,0.0,0.0
0.48,0.6764705882352942,0.31764705882352967,-0.1439865078528513,0.8,-1.0,-0.39598540145985395,-0.5875032215183863,1.1615164654604235,-0.27361575560455687,-0.35555705891230643,0.0,1.0,0.0,0.0,0.0,0.0,1.0,0.0,0.0,1.0,0.0,0.0,1.0,0.0,0.0,0.0,1.0,0.0,0.0,0.0,1.0
0.6,-0.9117647058823529,0.3641025641025644,-0.7781174238431539,-0.9333333333333333,1.0,0.4324817518248176,7.12277715231339,-0.6911863748019385,-0.7164117314895421,2.636462449251511,1.0,0.0,1.0,0.0,0.0,0.0,0.0,0.0,0.0,1.0,0.0,1.0,0.0,1.0,0.0,0.0,0.0,1.0,0.0,0.0,0.0
-0.96,0.4411764705882353,-0.4537958773252888,-0.36281226942131345,-0.4666666666666667,1.0,-0.8667883211678832,0.029319208388155726,0.09762572862502852,0.02118157550909109,0.21142808778287991,1.0,0.0,0.0,1.0,0.0,0.0,0.0,0.0,0.0,1.0,1.0,0.0,0.0,1.0,0.0,0.0,0.0,0.0,0.0,0.0,1.0
-0.24,0.29411764705882354,0.6553041729512318,0.05923895857489201,-0.8,2.0,0.8193430656934308,0.44053416165918374,1.0253302911621087,-0.27018645259236523,3.0900805678059764,1.0,0.0,1.0,0.0,0.0,0.0,0.0,0.0,1.0,0.0,0.0,0.0,1.0,0.0,0.0,0.0,1.0,0.0,0.0,1.0,0.0
-0.68,-0.14705882352941177,-0.5378582202111611,0.21102561399810274,0.6,2.0,0.8558394160583943,0.9545528532479689,-0.3260024410030939,0.9240795115173697,-0.16979338908264804,1.0,0.0,0.0,1.0,0.0,0.0,0.0,0.0,0.0,1.0,1.0,0.0,0.0,0.0,0.0,0.0,1.0,0.0,0.0,1.0,0.0
-0.96,-0.6176470588235294,-0.7266968325791852,0.2957731632760619,0.4666666666666667,0.0,-0.5748175182481751,0.5139654033147244,-0.650205490508981,1.633682832468062,-0.08414167250088453,0.0,1.0,0.0,0.0,0.0,0.0,1.0,1.0,0.0,0.0,1.0,0.0,0.0,0.0,1.0,0.0,0.0,0.0,1.0,0.0,0.0
-0.36,-0.4411764705882353,0.5549522373051786,0.7296300200274061,0.0,1.0,0.9543795620437959,0.9545528532479689,-0.04784736224629858,0.16958604645165307,0.48339645082691923,0.0,1.0,0.0,0.0,1.0,0.0,0.0,0.0,1.0,0.0,1.0,0.0,0.0,0.0,0.0,0.0,1.0,0.0,1.0,0.0,0.0
-1.04,-0.8529411764705882,-0.27320261437908466,0.3438389374934121,0.13333333333333333,0.0,-0.47992700729927007,1.9825902364255386,-0.6987294239582295,0.6102132359800073,0.1256003949208808,1.0,0.0,0.0,0.0,0.0,1.0,0.0,0.0,1.0,0.0,0.0,1.0,0.0,0.0,0.0,1.0,0.0,1.0,0.0,0.0,0.0
-0.6,0.35294117647058826,-0.897435897435897,0.34847686307578785,0.6,-1.0,0.17335766423357665,-0.5875032215183863,-0.38461530552125284,2.710995565147151,-0.11477869166867635,0.0,1.0,0.0,1.0,0.0,0.0,0.0,0.0,1.0,0.0,0.0,1.0,0.0,0.0,0.0,0.0,1.0,0.0,0.0,1.0,0.0
0.16,-0.5,0.36490698843640035,-0.042373774638979705,-0.13333333333333333,-1.0,-0.760948905109489,-0.5875032215183863,-0.1962735116204702,-0.2240831192489261,0.09576481407865907,0.0,1.0,0.0,0.0,1.0,0.0,0.0,0.0,1.0,0.0,0.0,1.0,0.0,0.0,0.0,1.0,0.0,0.0,1.0,0.0,0.0
0.0,0.7647058823529411,-0.2557063851181496,0.25740486982186156,0.4,1.0,-0.3704379562043795,-0.08191106585728627,0.5493778732426374,0.49531669882911145,-0.07213145252524246,0.0,1.0,0.0,0.0,0.0,1.0,0.0,1.0,0.0,0.0,1.0,0.0,0.0,1.0,0.0,0.0,0.0,0.0,0.0,0.0,1.0
-0.52,0.5588235294117647,0.01317244846656642,0.045325181827764315,-0.2,0.0,-0.4835766423357663,-0.3019372817468391,0.6877438818118539,0.03492481441649376,0.23269143709012058,0.0,1.0,1.0,0.0,0.0,0.0,0.0,1.0,0.0,0.0,0.0,1.0,0.0,1.0,0.0,0.0,0.0,0.0,0.0,0.0,1.0
0.24,-0.7941176470588235,-0.790849673202614,-0.5483292927163488,0.8666666666666667,0.0,-0.28649635036496346,1.3400668719395576,-0.7388301487531246,0.21770034783169925,-0.5067523837167772,0.0,1.0,1.0,0.0,0.0,0.0,0.0,0.0,1.0,0.0,1.0,0.0,0.0,0.0,1.0,0.0,0.0,1.0,0.0,0.0,0.0
0.0,0.14705882352941177,0.14731020613373585,-0.43195952355855394,-0.3333333333333333,3.0,-0.7645985401459853,0.9545528532479689,0.40333720288190567,-0.41793014956559055,-0.038264385510716856,1.0,0.0,1.0,0.0,0.0,0.0,0.0,0.0,1.0,0.0,0.0,0.0,1.0,0.0,0.0,0.0,1.0,0.0,0.0,1.0,0.0
-0.08,-0.2647058823529412,0.33715434891905505,0.8493728259723833,-0.13333333333333333,1.0,-0.833941605839416,0.5986937590711177,0.07173916843435468,0.394343885127347,0.7546949794239174,0.0,1.0,0.0,1.0,0.0,0.0,0.0,0.0,0.0,1.0,0.0,0.0,1.0,0.0,0.0,1.0,0.0,0.0,0.0,1.0,0.0
0.16,-0.08823529411764706,0.16078431372549054,0.8527458627595658,-0.6666666666666666,1.0,-0.7354014598540146,0.3762818252105856,0.16498672049075083,0.5523868228516561,3.096560826642469,1.0,0.0,0.0,0.0,1.0,0.0,0.0,0.0,1.0,0.0,0.0,1.0,0.0,0.0,0.0,1.0,0.0,0.0,0.0,1.0,0.0
0.24,0.14705882352941177,0.7299145299145301,-0.029724886687045482,0.9333333333333333,-1.0,0.8229927007299273,-0.5875032215183863,0.8799394581877972,-0.343554174652364,-0.3418030612700386,0.0,1.0,0.0,1.0,0.0,0.0,0.0,1.0,0.0,0.0,1.0,0.0,0.0,0.0,0.0,0.0,1.0,0.0,0.0,1.0,0.0
0.36,0.2647058823529412,-0.2549019607843135,-0.7679983134816065,-0.9333333333333333,1.0,-0.5602189781021897,0.113431357920866,0.16498672049075064,-0.5757839021853413,2.7336663317988967,0.0,1.0,0.0,0.0,0.0,0.0,1.0,0.0,1.0,0.0,0.0,0.0,1.0,1.0,0.0,0.0,0.0,0.0,0.0,1.0,0.0
0.04,-0.7647058823529411,0.9881347410759178,-0.1410351006640667,0.13333333333333333,0.0,-0.541970802919708,1.125892417110897,-0.3996767264647303,-0.4648300550862329,-0.14838113676905426,0.0,1.0,0.0,1.0,0.0,0.0,0.0,1.0,0.0,0.0,1.0,0.0,0.0,0.0,0.0,0.0,1.0,1.0,0.0,0.0,0.0
0.08,0.5294117647058824,-0.8059326294620408,-0.9084009697480765,-0.4,2.0,-0.2645985401459853,0.2853587075946449,-0.22825538197996814,-0.4978868759204303,-0.47271173834055974,1.0,0.0,0.0,0.0,0.0,0.0,1.0,1.0,0.0,0.0,1.0,0.0,0.0,0.0,0.0,0.0,1.0,0.0,0.0,0.0,1.0
-0.44,0.7352941176470589,0.9971845148315737,0.3332981975334669,0.6,1.0,0.7062043795620438,-0.0734845299296013,2.064124143618175,-0.23424848118280628,-0.1208539343278879,1.0,0.0,0.0,0.0,0.0,0.0,1.0,0.0,0.0,1.0,1.0,0.0,0.0,0.0,0.0,0.0,1.0,0.0,0.0,0.0,1.0
-0.76,0.4117647058823529,0.07712418300653609,0.4315378939601559,0.9333333333333333,-1.0,-0.3266423357664232,-0.5875032215183863,0.6110671831091635,0.3013640807559655,-0.1890141999096365,1.0,0.0,1.0,0.0,0.0,0.0,0.0,1.0,0.0,0.0,0.0,1.0,0.0,1.0,0.0,0.0,0.0,0.0,0.0,0.0,1.0
-0.72,0.9411764705882353,-0.15274007038712886,0.7852851270159166,0.5333333333333333,2.0,-0.6587591240875912,0.10296964777998159,0.8263895672309218,0.8768300716303778,0.09331304390849779,0.0,1.0,1.0,0.0,0.0,0.0,0.0,1.0,0.0,0.0,0.0,0.0,1.0,0.0,1.0,0.0,0.0,0.0,0.0,0.0,1.0
-0.84,0.35294117647058826,-0.2663650075414779,0.698851059344366,0.0,-1.0,-0.9105839416058393,-0.5875032215183863,0.22197910443771082,0.9748343465309263,0.46368566353258833,1.0,0.0,0.0,1.0,0.0,0.0,0.0,1.0,0.0,0.0,1.0,0.0,0.0,1.0,0.0,0.0,0.0,0.0,0.0,1.0,0.0
0.72,-0.058823529411764705,-0.07229763700351903,0.8034151997470224,0.5333333333333333,-1.0,-0.0273722627737225,-0.5875032215183863,0.038852461207689946,0.7792940313974699,0.10088508548374718,0.0,1.0,0.0,0.0,0.0,0.0,1.0,1.0,0.0,0.0,0.0,1.0,0.0,0.0,0.0,0.0,1.0,0.0,0.0,1.0,0.0
-0.8,0.4411764705882353,0.29089994972347943,0.9109307473384632,0.6666666666666666,-1.0,0.6624087591240878,-0.5875032215183863,0.8591282102429593,0.4749575070022889,0.07773224766249667,1.0,0.0,0.0,0.0,1.0,0.0,0.0,1.0,0.0,0.0,1.0,0.0,0.0,0.0,1.0,0.0,0.0,0.0,0.0,0.0,1.0
0.04,0.4411764705882353,-0.5438914027149317,0.6060925476968484,0.7333333333333333,1.0,-0.9324817518248175,0.029319208388155726,0.0054968839680387925,1.495522653663584,-0.0649954532112479,1.0,0.0,0.0,0.0,0.0,0.0,1.0,0.0,0.0,1.0,0.0,0.0,1.0,0.0,0.0,1.0,0.0,0.0,0.0,0.0,1.0
-0.52,-0.5882352941176471,-0.2866767219708393,0.25234531464108767,0.8666666666666667,1.0,0.7135036496350367,1.4685715448367538,-0.5021988564095867,0.5314342996839153,-0.232064626339567,0.0,1.0,0.0,0.0,0.0,1.0,0.0,0.0,1.0,0.0,1.0,0.0,0.0,0.0,0.0,0.0,1.0,0.0,1.0,0.0,0.0
1.0,-0.029411764705882353,0.2711915535444949,-0.8438916411932118,-0.13333333333333333,0.0,-0.6040145985401459,-0.1339573171753407,0.3041012759228052,-0.7497192706168467,-0.49649345746807183,1.0,0.0,0.0,0.0,1.0,0.0,0.0,0.0,0.0,1.0,0.0,1.0,0.0,0.0,1.0,0.0,0.0,0.0,0.0,1.0,0.0
-0.88,0.5588235294117647,-0.9384615384615381,0.6246442500263518,0.6,-1.0,-0.42883211678832106,-0.5875032215183863,-0.3632159136127565,3.816165680333771,-0.004243026619131896,0.0,1.0,0.0,0.0,1.0,0.0,0.0,0.0,1.0,0.0,1.0,0.0,0.0,0.0,0.0,0.0,1.0,0.0,0.0,0.0,1.0
0.88,0.058823529411764705,-0.30899949723479103,0.15115421102561385,-0.4,0.0,0.4762773722627739,-0.17073130941937142,-0.034640856880513084,0.4517686899480732,0.6581834322223106,1.0,0.0,0.0,1.0,0.0,0.0,0.0,0.0,1.0,0.0,0.0,1.0,0.0,0.0,1.0,0.0,0.0,0.0,0.0,1.0,0.0
0.88,-0.4117647058823529,0.5412770236299649,-0.7507114999472964,-0.8,2.0,0.01642335766423368,1.6154340281478352,-0.014487672111796673,-0.7214339670709656,0.49662697928475785,0.0,1.0,0.0,1.0,0.0,0.0,0.0,0.0,1.0,0.0,1.0,0.0,0.0,1.0,0.0,0.0,0.0,0.0,1.0,0.0,0.0
0.8,0.6176470588235294,0.19296128707893437,-0.30462738484241597,-0.9333333333333333,-1.0,-0.44343065693430656,-0.5875032215183863,0.9499573801271093,-0.3388777095812934,7.184794120114597,1.0,0.0,0.0,0.0,0.0,1.0,0.0,0.0,1.0,0.0,1.0,0.0,0.0,0.0,0.0,0.0,1.0,0.0,0.0,0.0,1.0
0.4,-0.4411764705882353,-0.26716943187531395,0.3978075260883313,0.8666666666666667,-1.0,-0.16605839416058385,-0.5875032215183863,-0.384117645244311,0.6585789232568408,-0.18216084735318597,0.0,1.0,0.0,0.0,1.0,0.0,0.0,1.0,0.0,0.0,1.0,0.0,0.0,0.0,1.0,0.0,0.0,0.0,1.0,0.0,0.0
0.4,0.35294117647058826,-0.49200603318250347,0.8721408242858648,0.3333333333333333,1.0,0.1660583941605841,0.0686908528502754,0.0050897073778137,1.7031245228785852,0.25476481875192264,1.0,0.0,0.0,1.0,0.0,0.0,0.0,0.0,0.0,1.0,1.0,0.0,0.0,0.0,1.0,0.0,0.0,0.0,0.0,1.0,0.0
0.16,0.5588235294117647,0.941075917546506,0.39949404448192266,-0.13333333333333333,-1.0,-0.052919708029196925,-0.5875032215183863,1.7124963112474312,-0.18360985672190136,0.4222701631480825,1.0,0.0,0.0,0.0,1.0,0.0,0.0,1.0,0.0,0.0,1.0,0.0,0.0,1.0,0.0,0.0,0.0,0.0,0.0,0.0,1.0
0.4,0.11764705882352941,0.20382101558572183,0.15452724781279636,-0.13333333333333333,-1.0,0.3083941605839417,-0.5875032215183863,0.41751435143247023,-0.004205986754148376,0.2412590869941369,1.0,0.0,0.0,1.0,0.0,0.0,0.0,0.0,1.0,0.0,1.0,0.0,0.0,0.0,1.0,0.0,0.0,0.0,0.0,1.0,0.0
-0.68,0.47058823529411764,-0.6325791855203615,0.1815115421102562,0.6666666666666666,2.0,0.7098540145985403,0.3195885871677049,-0.07024618760352913,1.1201754574630705,-0.2025389470157985,0.0,1.0,1.0,0.0,0.0,0.0,0.0,0.0,1.0,0.0,0.0,1.0,0.0,0.0,0.0,1.0,0.0,0.0,0.0,0.0,1.0
0.04,0.5294117647058824,0.9800904977375566,-0.6701802466533152,0.6,1.0,-0.7499999999999999,-0.005595268776365558,1.7076554340080883,-0.7243569798331668,-0.5224949767979882,1.0,0.0,0.0,0.0,0.0,0.0,1.0,0.0,1.0,0.0,1.0,0.0,0.0,0.0,1.0,0.0,0.0,0.0,0.0,0.0,1.0
-0.56,-0.8529411764705882,1.0042232277526397,0.35480130705175494,0.6666666666666666,1.0,0.42518248175182505,4.552683694369464,-0.5419787754061226,-0.22586845315315432,-0.13595428747083943,1.0,0.0,0.0,0.0,1.0,0.0,0.0,1.0,0.0,0.0,0.0,1.0,0.0,0.0,0.0,1.0,0.0,1.0,0.0,0.0,0.0
0.84,-0.29411764705882354,-0.08878833584715906,-0.7304732792242016,-0.5333333333333333,1.0,-0.4543795620437955,0.6461416382946977,-0.18081725277131988,-0.5904112663868287,-0.16219933575863352,1.0,0.0,1.0,0.0,0.0,0.0,0.0,1.0,0.0,0.0,1.0,0.0,0.0,1.0,0.0,0.0,0.0,0.0,0.0,1.0,0.0
-0.48,0.5294117647058824,0.6162895927601811,-0.48508485295667764,0.6,0.0,0.9105839416058396,-0.29654924514737596,1.3133234144019184,-0.5748594076866796,-0.44841076770371346,0.0,1.0,1.0,0.0,0.0,0.0,0.0,1.0,0.0,0.0,0.0,1.0,0.0,0.0,1.0,0.0,0.0,0.0,0.0,0.0,1.0
-0.64,-0.47058823529411764,0.0011060834590247725,0.6368715083798884,-0.13333333333333333,2.0,0.2281021897810219,1.8473221596916478,-0.30229160218847134,0.5451142156956819,0.5976733230012174,1.0,0.0,0.0,0.0,0.0,1.0,0.0,0.0,1.0,0.0,1.0,0.0,0.0,1.0,0.0,0.0,0.0,0.0,1.0,0.0,0.0
-0.2,0.5,1.0299648064353948,0.5512806999051334,0.4666666666666667,1.0,0.6989051094890514,0.005595268776365666,1.7127677623075812,-0.13868691068528663,0.027421874513728548,0.0,1.0,0.0,0.0,0.0,1.0,0.0,0.0,1.0,0.0,0.0,1.0,0.0,0.0,1.0,0.0,0.0,0.0,0.0,0.0,1.0
0.6,0.7352941176470589,-0.3590749120160882,-0.4715927058079478,0.8,-1.0,0.7317518248175184,-0.5875032215183863,0.39988237120726833,-0.1956424008588993,-0.472111714374218,0.0,1.0,0.0,0.0,0.0,0.0,1.0,1.0,0.0,0.0,1.0,0.0,0.0,0.0,1.0,0.0,0.0,0.0,0.0,0.0,1.0
0.4,-0.20588235294117646,0.9072900955253896,0.5799515125961844,0.4666666666666667,-1.0,0.8047445255474455,-0.5875032215183863,0.4677780394035893,-0.0802855633702563,0.039940556356952435,1.0,0.0,1.0,0.0,0.0,0.0,0.0,1.0,0.0,0.0,1.0,0.0,0.0,0.0,1.0,0.0,0.0,0.0,0.0,1.0,0.0
-0.6,0.7058823529411765,0.7098039215686277,-0.506166332876568,0.2,1.0,-0.3412408759124087,-0.06477234871623205,1.6690847060976757,-0.6035131700267339,-0.37415780186890496,1.0,0.0,0.0,0.0,0.0,1.0,0.0,0.0,0.0,1.0,0.0,0.0,1.0,1.0,0.0,0.0,0.0,0.0,0.0,0.0,1.0
0.52,-0.7941176470588235,-0.447762694821518,-0.02382207230947627,0.6666666666666666,2.0,0.5748175182481752,5.195207058855446,-0.6826973598299729,0.44304826759525534,-0.28143609835009326,0.0,1.0,1.0,0.0,0.0,0.0,0.0,0.0,1.0,0.0,1.0,0.0,0.0,1.0,0.0,0.0,0.0,1.0,0.0,0.0,0.0
-1.0,-0.3235294117647059,-0.5261940673705375,0.9214714872984084,0.5333333333333333,0.0,0.5164233576642339,0.05502014296759493,-0.4215778915450192,1.879600233027375,0.15019140271792822,0.0,1.0,0.0,0.0,1.0,0.0,0.0,0.0,1.0,0.0,1.0,0.0,0.0,1.0,0.0,0.0,0.0,0.0,1.0,0.0,0.0
-0.76,-0.9117647058823529,-0.42101558572146774,0.7093917993043112,0.0,0.0,-0.7536496350364963,3.2676369653975015,-0.7554133407913827,1.3035402888763246,0.47043593315393445,0.0,1.0,0.0,0.0,0.0,1.0,0.0,0.0,0.0,1.0,0.0,0.0,1.0,0.0,0.0,0.0,1.0,1.0,0.0,0.0,0.0
-0.52,-0.2647058823529412,-0.1165409753645045,0.5129124064509328,-0.5333333333333333,0.0,-0.3521897810218978,0.005595268776365666,-0.1695067919317341,0.5711204270549307,1.5440759596713673,0.0,1.0,0.0,0.0,0.0,1.0,0.0,1.0,0.0,0.0,1.0,0.0,0.0,1.0,0.0,0.0,0.0,0.0,0.0,1.0,0.0
-0.24,-0.5,-0.2474610356963295,0.16043006219036582,0.3333333333333333,0.0,0.3339416058394163,0.2691945977962554,-0.4217012783905419,0.3841199763859914,-0.08706883487305005,0.0,1.0,0.0,1.0,0.0,0.0,0.0,0.0,0.0,1.0,1.0,0.0,0.0,0.0,1.0,0.0,0.0,0.0,1.0,0.0,0.0
0.2,0.8823529411764706,-0.6048265460030162,-0.6668072098661326,-0.8,0.0,-0.9872262773722628,-0.3502638254004855,0.1758941176349621,-0.24915886772174903,0.7652877102143377,1.0,0.0,0.0,1.0,0.0,0.0,0.0,1.0,0.0,0.0,1.0,0.0,0.0,1.0,0.0,0.0,0.0,0.0,0.0,0.0,1.0
0.24,0.35294117647058826,-0.013976872800402072,0.6845156529988404,0.6,0.0,-0.6697080291970803,-0.2594061843340555,0.4645782072096991,0.6026601412574245,0.019720430536647127,1.0,0.0,0.0,0.0,1.0,0.0,0.0,0.0,0.0,1.0,1.0,0.0,0.0,1.0,0.0,0.0,0.0,0.0,0.0,1.0,0.0
0.64,0.9117647058823529,-0.6796380090497733,0.3699799725940761,0.06666666666666667,0.0,0.7463503649635038,-0.3538583617053022,0.0904281626362012,1.581451131371108,0.19320235980524514,1.0,0.0,0.0,1.0,0.0,0.0,0.0,0.0,0.0,1.0,1.0,0.0,0.0,0.0,1.0,0.0,0.0,0.0,0.0,0.0,1.0
-0.28,0.5882352941176471,0.5099044746103573,0.9644777063349848,-0.06666666666666667,2.0,0.6368613138686132,0.25361827380871643,1.2746334125408336,0.34151133298169256,0.7294148487980406,0.0,1.0,0.0,0.0,0.0,0.0,1.0,0.0,0.0,1.0,1.0,0.0,0.0,1.0,0.0,0.0,0.0,0.0,0.0,0.0,1.0
0.84,-0.6176470588235294,0.7011563599798895,0.4387055971329188,0.3333333333333333,1.0,-0.9835766423357664,1.6154340281478352,-0.2413837423435891,-0.07265580066558734,0.04658650362960512,1.0,0.0,0.0,0.0,0.0,1.0,0.0,0.0,1.0,0.0,1.0,0.0,0.0,0.0,1.0,0.0,0.0,0.0,1.0,0.0,0.0
-0.36,-0.08823529411764706,0.21649069884364028,-0.47496574259513025,0.3333333333333333,1.0,0.46167883211678856,0.3762818252105856,0.20144342044787383,-0.47268767723117816,-0.3922485244541128,0.0,1.0,0.0,1.0,0.0,0.0,0.0,0.0,1.0,0.0,1.0,0.0,0.0,0.0,0.0,0.0,1.0,0.0,0.0,1.0,0.0
-0.88,0.3235294117647059,-0.7200603318250375,-0.6866238009908296,-0.26666666666666666,0.0,0.7208029197080292,-0.2522736400474396,-0.2272765130054876,-0.15937603924158536,-0.32126023447253726,1.0,0.0,0.0,0.0,0.0,0.0,1.0,1.0,0.0,0.0,1.0,0.0,0.0,1.0,0.0,0.0,0.0,0.0,0.0,1.0,0.0
0.64,0.058823529411764705,1.0349924585218704,-0.8978602297881313,0.0,-1.0,-0.14051094890510943,-0.5875032215183863,0.9823587657613845,-0.839318911764217,-0.5588451787089376,0.0,1.0,0.0,0.0,1.0,0.0,0.0,0.0,0.0,1.0,0.0,1.0,0.0,0.0,1.0,0.0,0.0,0.0,0.0,1.0,0.0
-0.48,0.4117647058823529,0.38843640020110626,0.5306208495836406,-0.6666666666666666,1.0,0.7755474452554745,0.04190742124339121,0.9230384833288953,0.14453306922559503,2.4776961077574473,1.0,0.0,0.0,0.0,1.0,0.0,0.0,0.0,1.0,0.0,0.0,1.0,0.0,1.0,0.0,0.0,0.0,0.0,0.0,0.0,1.0
-0.56,0.5,-0.9336349924585213,-0.6921049857700011,-0.26666666666666666,0.0,0.8594890510948907,-0.29095397637101034,-0.37546411447831524,0.2184469623041244,-0.3260467892949464,0.0,1.0,0.0,1.0,0.0,0.0,0.0,0.0,0.0,1.0,0.0,0.0,1.0,0.0,0.0,0.0,1.0,0.0,0.0,0.0,1.0
0.8,0.5882352941176471,-0.4956259426847659,0.8051017181406135,0.8666666666666667,0.0,-0.35583941605839403,-0.30712938974268544,0.14358732858225443,1.6248243475307844,-0.04243026619131911,0.0,1.0,0.0,0.0,0.0,1.0,0.0,0.0,1.0,0.0,1.0,0.0,0.0,0.0,0.0,1.0,0.0,0.0,0.0,0.0,1.0
0.72,0.11764705882352941,-0.09944695827048738,0.4003373036787182,-0.6,0.0,-0.24270072992700725,-0.1921042279885517,0.17562677946966293,0.44752908239474964,1.738676589612463,0.0,1.0,0.0,0.0,0.0,1.0,0.0,1.0,0.0,0.0,1.0,0.0,0.0,0.0,0.0,1.0,0.0,0.0,0.0,1.0,0.0
-0.24,-0.47058823529411764,0.722875816993464,0.8616000843259196,-0.06666666666666667,1.0,0.8777372262773725,1.0357136992883031,-0.021829189420400505,0.1526971442953728,0.6588263150433913,0.0,1.0,1.0,0.0,0.0,0.0,0.0,1.0,0.0,0.0,0.0,0.0,1.0,0.0,0.0,0.0,1.0,0.0,1.0,0.0,0.0
0.4,0.6764705882352942,-0.9597787833081947,0.05207125540212909,0.4666666666666667,1.0,-0.5200729927007298,-0.05575974746102251,-0.353739803876609,2.426877294701419,-0.19055046816828772,1.0,0.0,0.0,0.0,1.0,0.0,0.0,0.0,0.0,1.0,1.0,0.0,0.0,0.0,0.0,0.0,1.0,0.0,0.0,0.0,1.0
0.72,0.17647058823529413,-0.7190548014077423,0.20596605881732885,-0.26666666666666666,1.0,-0.4470802919708028,0.16471925397739667,-0.2922191226989639,1.4418208215325294,0.458211808530551,0.0,1.0,0.0,1.0,0.0,0.0,0.0,0.0,1.0,0.0,0.0,0.0,1.0,0.0,0.0,0.0,1.0,0.0,0.0,1.0,0.0
-0.08,0.7647058823529411,0.19899446958270506,0.7313165384209972,-0.8,0.0,0.7463503649635038,-0.33470714368783633,1.1166324439540962,0.42575668878126177,5.242066523091153,1.0,0.0,0.0,0.0,0.0,0.0,1.0,0.0,1.0,0.0,0.0,0.0,1.0,0.0,0.0,0.0,1.0,0.0,0.0,0.0,1.0
0.48,1.0294117647058822,0.5495223730517851,0.3193844207863392,-0.7333333333333333,1.0,0.25729927007299286,-0.14691577158514202,1.9060244655550205,-0.0753177971336234,2.766067625981358,0.0,1.0,0.0,0.0,1.0,0.0,0.0,0.0,0.0,1.0,1.0,0.0,0.0,0.0,0.0,1.0,0.0,0.0,0.0,0.0,1.0
0.56,0.5,0.3870286576168932,-0.5344155159692211,-0.9333333333333333,2.0,0.02737226277372263,0.30214451392374164,1.02902367073809,-0.5584128455948847,4.977455953934381,1.0,0.0,1.0,0.0,0.0,0.0,0.0,0.0,1.0,0.0,0.0,1.0,0.0,1.0,0.0,0.0,0.0,0.0,0.0,0.0,1.0
-0.04,0.7647058823529411,-0.6050276520864752,-0.1334457678929061,-0.5333333333333333,2.0,-0.8193430656934305,0.1708850119732637,0.11358787354082212,0.5645774797322964,0.6570905314264737,1.0,0.0,1.0,0.0,0.0,0.0,0.0,1.0,0.0,0.0,1.0,0.0,0.0,0.0,0.0,1.0,0.0,0.0,0.0,0.0,1.0
0.44,-0.7941176470588235,-0.023629964806435047,0.9092442289448719,-0.9333333333333333,2.0,-0.636861313868613,5.195207058855446,-0.613304597907976,0.8078742550377864,18.84520986402806,1.0,0.0,0.0,0.0,0.0,1.0,0.0,0.0,0.0,1.0,1.0,0.0,0.0,0.0,0.0,1.0,0.0,1.0,0.0,0.0,0.0
0.28,0.5294117647058824,0.39084967320261466,0.9353852640455359,-0.7333333333333333,0.0,-0.6587591240875912,-0.29654924514737596,1.0689639926338057,0.40993281448037094,4.245389213499383,1.0,0.0,0.0,0.0,0.0,1.0,0.0,1.0,0.0,0.0,1.0,0.0,0.0,0.0,0.0,0.0,1.0,0.0,0.0,0.0,1.0
0.92,0.4411764705882353,0.5802916038210159,-0.9079793401496786,0.0,1.0,-0.7718978102189781,0.029319208388155726,1.1550509947550311,-0.8196045426785622,-0.56532543754543,0.0,1.0,0.0,0.0,0.0,1.0,0.0,0.0,1.0,0.0,0.0,1.0,0.0,1.0,0.0,0.0,0.0,0.0,0.0,0.0,1.0
0.44,-0.20588235294117646,-0.2510809451985919,-0.547907663117951,0.7333333333333333,1.0,0.3996350364963505,0.5139654033147244,-0.1955496421267367,-0.3481820483393722,-0.4913528675256621,1.0,0.0,0.0,0.0,1.0,0.0,0.0,0.0,1.0,0.0,0.0,1.0,0.0,0.0,0.0,0.0,1.0,0.0,0.0,1.0,0.0
0.48,-0.20588235294117646,0.25248868778280553,0.88268156424581,0.0,-1.0,0.0018248175182483308,-0.5875032215183863,0.092813641649641,0.48859162949001134,0.5814103657288663,0.0,1.0,0.0,0.0,0.0,1.0,0.0,1.0,0.0,0.0,1.0,0.0,0.0,0.0,0.0,1.0,0.0,0.0,0.0,1.0,0.0
-0.6,0.11764705882352941,0.6824534942182003,-0.5453778855275642,-0.26666666666666666,1.0,-0.501824817518248,0.20329476554128292,0.7992732514798713,-0.6210609461033952,-0.19791439866430177,1.0,0.0,0.0,0.0,0.0,1.0,0.0,0.0,0.0,1.0,0.0,1.0,0.0,0.0,0.0,0.0,1.0,0.0,0.0,1.0,0.0
-0.44,-0.029411764705882353,0.9099044746103572,0.017075998735111255,0.2,-1.0,-0.26094890510948904,-0.5875032215183863,0.7482281134871079,-0.36770262087678646,-0.09492164853254949,1.0,0.0,0.0,0.0,1.0,0.0,0.0,0.0,1.0,0.0,1.0,0.0,0.0,0.0,0.0,1.0,0.0,0.0,0.0,1.0,0.0
0.88,-0.11764705882352941,-0.5722473604826542,0.6010329925160747,0.2,-1.0,0.6989051094890514,-0.5875032215183863,-0.3309214632446009,1.57575199093041,0.2167157989862678,1.0,0.0,0.0,0.0,0.0,0.0,1.0,1.0,0.0,0.0,0.0,1.0,0.0,0.0,1.0,0.0,0.0,0.0,0.0,1.0,0.0
-0.16,0.5588235294117647,-0.5060834590246351,0.164224728575946,-0.2,0.0,-0.19890510948905096,-0.3019372817468391,0.11429117856030183,0.7914971839627302,0.32787023875110227,0.0,1.0,0.0,0.0,1.0,0.0,0.0,0.0,1.0,0.0,1.0,0.0,0.0,1.0,0.0,0.0,0.0,0.0,0.0,0.0,1.0
-0.88,-0.11764705882352941,0.8648567119155355,-0.3139032360071678,0.4,2.0,0.26094890510948926,0.904809108900667,0.5801916814645197,-0.5277666933128384,-0.33346331929450346,1.0,0.0,0.0,0.0,0.0,0.0,1.0,0.0,0.0,1.0,1.0,0.0,0.0,0.0,0.0,1.0,0.0,0.0,0.0,1.0,0.0
0.08,-0.6764705882352942,-0.50507792860734,0.09507747443870565,0.13333333333333333,0.0,0.14781021897810234,0.6975435074535762,-0.6218594191975537,0.6962676253634245,-0.014964043076564166,0.0,1.0,0.0,1.0,0.0,0.0,0.0,0.0,0.0,1.0,0.0,1.0,0.0,1.0,0.0,0.0,0.0,1.0,0.0,0.0,0.0
-0.36,-0.4117647058823529,0.05540472599296147,-0.16717613576473073,-0.4,-1.0,-0.698905109489051,-0.5875032215183863,-0.22315950525987835,-0.16762710579974813,0.3184198612812175,1.0,0.0,0.0,0.0,1.0,0.0,0.0,0.0,1.0,0.0,0.0,0.0,1.0,1.0,0.0,0.0,0.0,0.0,1.0,0.0,0.0
-1.0,-0.7647058823529411,-0.4272498743086976,-0.7776957942447561,-0.6666666666666666,0.0,-0.7244525547445255,1.125892417110897,-0.6601957121014733,-0.5189949397149665,-0.035834288447032264,1.0,0.0,0.0,0.0,0.0,1.0,0.0,0.0,1.0,0.0,0.0,0.0,1.0,0.0,0.0,1.0,0.0,1.0,0.0,0.0,0.0
0.04,0.9117647058823529,-0.6933132227249871,0.40202382207230936,-0.26666666666666666,-1.0,-0.13686131386861303,-0.5875032215183863,0.07196949054599713,1.688416887763746,0.629423192562878,0.0,1.0,0.0,0.0,0.0,1.0,0.0,1.0,0.0,0.0,0.0,1.0,0.0,0.0,0.0,0.0,1.0,0.0,0.0,0.0,1.0
0.8,-0.35294117647058826,-0.8594268476621413,0.08706651206914716,-0.9333333333333333,0.0,0.45802919708029216,0.08295594142350718,-0.5954464084659827,1.8349233746437228,10.947394407052979,0.0,1.0,0.0,0.0,1.0,0.0,0.0,1.0,0.0,0.0,1.0,0.0,0.0,0.0,1.0,0.0,0.0,0.0,1.0,0.0,0.0
-0.04,-0.14705882352941177,-0.16138763197586692,0.5390534415515968,0.2,1.0,0.5200729927007299,0.44053416165918374,-0.09502226618449816,0.653005125403652,0.18363947784167117,1.0,0.0,0.0,0.0,1.0,0.0,0.0,1.0,0.0,0.0,1.0,0.0,0.0,0.0,0.0,0.0,1.0,0.0,0.0,1.0,0.0
0.68,0.6470588235294118,0.7727501256913023,-0.46189522504479824,-0.6,0.0,-0.7244525547445255,-0.31696706805060476,1.6576631970971192,-0.5897299082153252,0.35824645204716027,1.0,0.0,1.0,0.0,0.0,0.0,0.0,0.0,1.0,0.0,0.0,0.0,1.0,1.0,0.0,0.0,0.0,0.0,0.0,0.0,1.0
-0.36,-0.3235294117647059,-0.44534942182000975,0.4387055971329188,-0.6666666666666666,-1.0,0.5273722627737227,-0.5875032215183863,-0.3818966820249015,1.022183981457435,2.30110905446303,0.0,1.0,0.0,0.0,1.0,0.0,0.0,0.0,0.0,1.0,1.0,0.0,0.0,1.0,0.0,0.0,0.0,0.0,1.0,0.0,0.0
1.0,1.0294117647058822,0.6122674710910005,0.5386318119531992,0.3333333333333333,0.0,-0.541970802919708,-0.3672094965517642,1.9958500890955846,0.02529496292747967,0.09458092063737686,0.0,1.0,1.0,0.0,0.0,0.0,0.0,1.0,0.0,0.0,0.0,0.0,1.0,0.0,0.0,0.0,1.0,0.0,0.0,0.0,1.0
-0.44,0.35294117647058826,0.7743589743589744,0.03942236745019486,0.6666666666666666,-1.0,0.4981751824817521,-0.5875032215183863,1.2223379545134394,-0.31873214157927615,-0.25713512771324687,1.0,0.0,0.0,0.0,1.0,0.0,0.0,0.0,0.0,1.0,1.0,0.0,0.0,0.0,0.0,1.0,0.0,0.0,0.0,1.0,0.0
-0.48,-0.47058823529411764,0.4960281548516843,-0.8118477917149785,-0.5333333333333333,-1.0,0.25000000000000006,-0.5875032215183863,-0.1099767518618561,-0.7539214124996666,-0.2738680817803325,1.0,0.0,0.0,1.0,0.0,0.0,0.0,0.0,1.0,0.0,0.0,1.0,0.0,0.0,0.0,1.0,0.0,0.0,1.0,0.0,0.0
0.72,1.0294117647058822,-0.7956762192056305,0.6916833561716034,0.5333333333333333,1.0,-0.9945255474452553,-0.14691577158514202,-0.019756290415618157,2.7542119404953254,0.054220178101397114,0.0,1.0,1.0,0.0,0.0,0.0,0.0,1.0,0.0,0.0,0.0,0.0,1.0,0.0,0.0,1.0,0.0,0.0,0.0,0.0,1.0
-0.2,0.35294117647058826,-0.6744092508798388,0.606514177295246,0.5333333333333333,-1.0,0.8667883211678833,-0.5875032215183863,-0.1702388872151692,1.9593689236218597,0.018649192096737897,0.0,1.0,0.0,1.0,0.0,0.0,0.0,0.0,0.0,1.0,1.0,0.0,0.0,1.0,0.0,0.0,0.0,0.0,0.0,1.0,0.0
-0.76,-0.23529411764705882,-0.8910005027652084,-0.2089174660061137,0.4,0.0,-0.9762773722627737,-0.01637134197529188,-0.571653311754345,1.296237150269013,-0.28543997255978315,1.0,0.0,0.0,0.0,0.0,0.0,1.0,1.0,0.0,0.0,0.0,0.0,1.0,0.0,0.0,0.0,1.0,0.0,0.0,1.0,0.0
-0.52,0.3235294117647059,1.000201106083459,0.942131337619901,0.9333333333333333,2.0,0.7427007299270074,0.41818552289445393,1.3910818044503583,0.06280649713322288,-0.019885030707216898,0.0,1.0,0.0,1.0,0.0,0.0,0.0,0.0,1.0,0.0,1.0,0.0,0.0,0.0,1.0,0.0,0.0,0.0,0.0,1.0,0.0
-0.92,0.14705882352941177,0.3651080945198595,0.5398967007483926,-0.06666666666666667,-1.0,-0.020072992700729823,-0.5875032215183863,0.5815078078167625,0.1655037940374138,0.43809249842536985,0.0,1.0,0.0,0.0,1.0,0.0,0.0,0.0,1.0,0.0,1.0,0.0,0.0,1.0,0.0,0.0,0.0,0.0,0.0,1.0,0.0
-0.32,-0.058823529411764705,0.23579688285570652,-0.1747654685358913,0.2,1.0,-0.6587591240875912,0.34707621773395014,0.24678397328263513,-0.26129475905814364,-0.19730073778963392,0.0,1.0,0.0,0.0,0.0,0.0,1.0,1.0,0.0,0.0,1.0,0.0,0.0,0.0,1.0,0.0,0.0,0.0,0.0,1.0,0.0
-0.44,-0.6176470588235294,-0.6390145801910504,-0.6975861705491727,-0.4,0.0,-0.6952554744525546,0.5139654033147244,-0.6251003803399513,-0.26526409758177893,-0.24770275096235242,0.0,1.0,0.0,1.0,0.0,0.0,0.0,0.0,1.0,0.0,0.0,1.0,0.0,1.0,0.0,0.0,0.0,0.0,1.0,0.0,0.0
-0.16,0.7352941176470589,0.6056309703368528,-0.5339938863708233,0.0,-1.0,0.3229927007299271,-0.5875032215183863,1.583655767152571,-0.6015653637088414,-0.32582587138006597,0.0,1.0,0.0,0.0,0.0,1.0,0.0,0.0,0.0,1.0,0.0,0.0,1.0,0.0,1.0,0.0,0.0,0.0,0.0,0.0,1.0
0.68,-0.6470588235294118,1.014680744092509,-0.5099609992621483,-0.7333333333333333,0.0,-0.8120437956204378,0.5986937590711177,-0.20025068094115367,-0.6496942819553283,0.7744005742031549,1.0,0.0,0.0,0.0,0.0,0.0,1.0,0.0,1.0,0.0,1.0,0.0,0.0,1.0,0.0,0.0,0.0,0.0,1.0,0.0,0.0
0.72,0.14705882352941177,-0.3464052287581696,0.0858016232739537,0.6,-1.0,0.655109489051095,-0.5875032215183863,-0.0005490714625761772,0.42896791748633734,-0.21991414102114376,0.0,1.0,0.0,1.0,0.0,0.0,0.0,1.0,0.0,0.0,0.0,0.0,1.0,0.0,1.0,0.0,0.0,0.0,0.0,1.0,0.0
-0.48,-0.29411764705882354,0.18833584715937673,0.8105829029197851,-0.9333333333333333,1.0,-0.5456204379562043,0.6461416382946977,-0.03912802516269061,0.4942922805833488,17.897472009191052,1.0,0.0,0.0,0.0,1.0,0.0,0.0,0.0,0.0,1.0,0.0,0.0,1.0,1.0,0.0,0.0,0.0,0.0,0.0,1.0,0.0
-0.96,-0.29411764705882354,0.1463046757164405,-0.045746811426162215,-0.3333333333333333,0.0,0.7463503649635038,0.029319208388155726,-0.06061790075790371,-0.12165256138074614,0.3327304328784714,0.0,1.0,0.0,0.0,1.0,0.0,0.0,0.0,0.0,1.0,0.0,0.0,1.0,1.0,0.0,0.0,0.0,0.0,0.0,1.0,0.0
-1.0,0.058823529411764705,0.8151835093011565,-0.6119953620744177,-0.7333333333333333,0.0,0.22080291970802937,-0.17073130941937142,0.8160291851018612,-0.676432925257945,0.5293657869482871,0.0,1.0,0.0,1.0,0.0,0.0,0.0,0.0,1.0,0.0,0.0,0.0,1.0,1.0,0.0,0.0,0.0,0.0,0.0,1.0,0.0
0.0,-0.6470588235294118,-0.6458521870286572,0.8599135659323285,0.4666666666666667,1.0,0.812043795620438,1.7848907396606217,-0.6417329271164186,2.252115451927778,0.1621818025907859,0.0,1.0,0.0,0.0,1.0,0.0,0.0,0.0,1.0,0.0,1.0,0.0,0.0,0.0,0.0,1.0,0.0,0.0,1.0,0.0,0.0
0.88,-0.23529411764705882,-0.912921065862242,0.8131126805101717,0.9333333333333333,2.0,-0.8448905109489051,1.125892417110897,-0.5837575613001272,4.029939583647471,-0.06262122044787789,0.0,1.0,0.0,0.0,1.0,0.0,0.0,1.0,0.0,0.0,1.0,0.0,0.0,0.0,0.0,1.0,0.0,0.0,0.0,1.0,0.0
0.04,-0.5,0.6536953242835597,0.12922947190892792,-0.6666666666666666,1.0,-0.187956204379562,1.125892417110897,-0.08996340551806535,-0.22950657070564223,1.7065453062148548,0.0,1.0,1.0,0.0,0.0,0.0,0.0,1.0,0.0,0.0,0.0,1.0,0.0,0.0,0.0,1.0,0.0,0.0,1.0,0.0,0.0
0.2,0.8235294117647058,0.5072900955253897,-0.7452303151681249,0.2,3.0,-0.045620437956204254,0.39158000055548986,1.5777578759365833,-0.7139040850291085,-0.5017378977123486,1.0,0.0,1.0,0.0,0.0,0.0,0.0,0.0,1.0,0.0,1.0,0.0,0.0,0.0,0.0,0.0,1.0,0.0,0.0,0.0,1.0
0.48,-0.058823529411764705,0.7244846656611362,0.9168335617160325,-0.2,1.0,-0.1843065693430656,0.34707621773395014,0.5765970113649569,0.18244932933397567,0.9303318024562527,1.0,0.0,1.0,0.0,0.0,0.0,0.0,0.0,1.0,0.0,1.0,0.0,0.0,0.0,1.0,0.0,0.0,0.0,0.0,1.0,0.0
0.36,-0.8823529411764706,0.2518853695324284,0.7570359439232636,0.8666666666666667,0.0,-0.1843065693430656,2.496608928014324,-0.6673315846675394,0.3991492852765621,-0.05892021055203629,0.0,1.0,1.0,0.0,0.0,0.0,0.0,0.0,1.0,0.0,1.0,0.0,0.0,1.0,0.0,0.0,0.0,1.0,0.0,0.0,0.0
-0.28,-0.14705882352941177,0.8401206636500754,0.46442500263518494,0.7333333333333333,-1.0,-0.35948905109489043,-0.5875032215183863,0.5194442245188171,-0.1144415576203288,-0.11733600535214787,1.0,0.0,1.0,0.0,0.0,0.0,0.0,1.0,0.0,0.0,1.0,0.0,0.0,0.0,1.0,0.0,0.0,0.0,0.0,1.0,0.0
-0.88,1.0294117647058822,-0.2478632478632476,0.9804996310741015,-0.26666666666666666,-1.0,-0.27554744525547437,-0.5875032215183863,0.7644904997270069,1.234978838015415,1.1345888245894429,1.0,0.0,0.0,0.0,1.0,0.0,0.0,1.0,0.0,0.0,1.0,0.0,0.0,1.0,0.0,0.0,0.0,0.0,0.0,0.0,1.0
0.48,-0.9411764705882353,0.046958270487682405,-0.3438389374934121,-0.7333333333333333,1.0,-0.08211678832116776,9.692870610257312,-0.745974247108892,-0.30784302667873736,1.1733415088247168,1.0,0.0,0.0,0.0,1.0,0.0,0.0,1.0,0.0,0.0,0.0,1.0,0.0,1.0,0.0,0.0,0.0,1.0,0.0,0.0,0.0
-0.24,-0.4117647058823529,-0.708798391151332,-0.19626857805417947,-0.4666666666666667,1.0,-0.9762773722627737,0.881121611592428,-0.5513685143504042,0.6935547725801392,0.41140482531526174,1.0,0.0,1.0,0.0,0.0,0.0,0.0,0.0,0.0,1.0,0.0,1.0,0.0,1.0,0.0,0.0,0.0,0.0,1.0,0.0,0.0
0.24,0.7058823529411765,0.10930115635998021,-0.25065879624749665,0.8666666666666667,-1.0,-0.38138686131386845,-0.5875032215183863,0.944499568660153,-0.2618085182099025,-0.40463044758812505,1.0,0.0,0.0,0.0,0.0,0.0,1.0,0.0,1.0,0.0,1.0,0.0,0.0,0.0,0.0,1.0,0.0,0.0,0.0,0.0,1.0
-0.68,0.5294117647058824,0.917948717948718,-0.2814377569305365,0.6,-1.0,0.7463503649635038,-0.5875032215183863,1.6402985550372169,-0.5211157862155193,-0.36690126202595774,1.0,0.0,0.0,0.0,0.0,1.0,0.0,0.0,0.0,1.0,1.0,0.0,0.0,0.0,0.0,0.0,1.0,0.0,0.0,0.0,1.0
-0.16,0.5294117647058824,0.2728004022121671,-0.7717929798671868,0.2,4.0,-0.6186131386861312,0.8672666603366658,0.9410077209318588,-0.6989430662035564,-0.5159134639171756,0.0,1.0,0.0,0.0,1.0,0.0,0.0,1.0,0.0,0.0,1.0,0.0,0.0,0.0,0.0,0.0,1.0,0.0,0.0,0.0,1.0
-1.04,-0.20588235294117646,-0.7112116641528402,-0.8906925266153685,0.8,-1.0,0.4434306569343068,-0.5875032215183863,-0.4590381378457274,-0.5320443156321158,-0.6212176700101767,0.0,1.0,0.0,0.0,1.0,0.0,0.0,0.0,0.0,1.0,0.0,0.0,1.0,0.0,1.0,0.0,0.0,0.0,0.0,1.0,0.0
-0.24,-0.11764705882352941,-0.19276018099547482,0.7005375777379571,-0.13333333333333333,0.0,-0.25364963503649623,-0.09006577804536857,-0.0903294531597828,0.8555172492934919,0.6447175097469073,1.0,0.0,0.0,0.0,0.0,1.0,0.0,0.0,1.0,0.0,1.0,0.0,0.0,0.0,0.0,0.0,1.0,0.0,0.0,1.0,0.0
1.0,-0.7352941176470589,-0.12217194570135721,0.133445767892906,0.9333333333333333,1.0,0.22080291970802937,2.496608928014324,-0.5786575716851867,0.2243734031869203,-0.28775435071567335,1.0,0.0,0.0,0.0,1.0,0.0,0.0,0.0,0.0,1.0,0.0,0.0,1.0,1.0,0.0,0.0,0.0,1.0,0.0,0.0,0.0
0.76,0.8823529411764706,-0.7482151835093007,-0.05080636660693586,0.13333333333333333,2.0,-0.501824817518248,0.12421496683531606,-0.014717994223439125,1.072340692423614,-0.0973967473937098,0.0,1.0,0.0,0.0,0.0,0.0,1.0,0.0,0.0,1.0,1.0,0.0,0.0,0.0,1.0,0.0,0.0,0.0,0.0,0.0,1.0
-0.12,0.6764705882352942,0.12076420311714446,-0.3362496047222515,-0.9333333333333333,0.0,0.11496350364963524,-0.3216314844897044,0.9279780700446558,-0.3338285763610998,6.881031987154016,1.0,0.0,0.0,1.0,0.0,0.0,0.0,0.0,0.0,1.0,0.0,1.0,0.0,0.0,0.0,0.0,1.0,0.0,0.0,0.0,1.0
-0.96,-0.8235294117647058,0.0642533936651585,-0.6212712132391696,0.5333333333333333,-1.0,0.24635036496350365,-0.5875032215183863,-0.6281233580552589,-0.5404055104591984,-0.4941365071387457,0.0,1.0,0.0,0.0,1.0,0.0,0.0,1.0,0.0,0.0,0.0,1.0,0.0,0.0,0.0,0.0,1.0,1.0,0.0,0.0,0.0
0.12,-0.9705882352941176,-0.39748617395676183,0.8523242331611679,0.2,2.0,-0.8704379562043796,22.54333789997694,-0.7929969739376136,1.4198347443793833,0.3508211554636794,1.0,0.0,0.0,0.0,1.0,0.0,0.0,0.0,1.0,0.0,1.0,0.0,0.0,1.0,0.0,0.0,0.0,1.0,0.0,0.0,0.0
0.4,0.6470588235294118,0.21649069884364028,0.8493728259723833,0.6666666666666666,0.0,-0.625912408759124,-0.31696706805060476,1.0092159691368374,0.4969669574824104,0.05407930290929938,0.0,1.0,0.0,0.0,0.0,0.0,1.0,0.0,0.0,1.0,0.0,0.0,1.0,0.0,0.0,1.0,0.0,0.0,0.0,0.0,1.0
-1.0,-0.29411764705882354,0.7017596782302665,0.4079266364498788,0.8,1.0,-0.052919708029196925,0.6461416382946977,0.22337748868696874,-0.09015223470807117,-0.1591992159269241,0.0,1.0,0.0,0.0,0.0,1.0,0.0,0.0,0.0,1.0,1.0,0.0,0.0,0.0,0.0,1.0,0.0,0.0,0.0,1.0,0.0
0.76,0.6470588235294118,0.6589240824534944,0.0002108147991989517,0.9333333333333333,-1.0,0.8083941605839419,-0.5875032215183863,1.5249729834219494,-0.30516607163784,-0.3318871479641989,1.0,0.0,0.0,1.0,0.0,0.0,0.0,1.0,0.0,0.0,1.0,0.0,0.0,0.0,0.0,1.0,0.0,0.0,0.0,0.0,1.0
-0.44,0.5294117647058824,0.8672699849170439,-0.585011067776958,0.26666666666666666,1.0,-0.4835766423357663,-0.005595268776365558,1.585366731410487,-0.6688118956978208,-0.4314285104458002,1.0,0.0,1.0,0.0,0.0,0.0,0.0,0.0,1.0,0.0,1.0,0.0,0.0,0.0,0.0,1.0,0.0,0.0,0.0,0.0,1.0
-0.6,0.0,-0.8550025138260429,0.6195846948455782,0.3333333333333333,1.0,-0.25364963503649623,0.29367167834810226,-0.46859650547889,3.0223424766745977,0.133462473656331,0.0,1.0,0.0,1.0,0.0,0.0,0.0,1.0,0.0,0.0,0.0,0.0,1.0,0.0,0.0,1.0,0.0,0.0,0.0,1.0,0.0
-0.88,0.5588235294117647,-0.5163398692810455,-0.815220828502161,-0.13333333333333333,0.0,0.6405109489051096,-0.3019372817468391,0.10296426614131302,-0.5249788007765719,-0.47530799588723144,1.0,0.0,0.0,0.0,0.0,1.0,0.0,0.0,1.0,0.0,0.0,1.0,0.0,0.0,1.0,0.0,0.0,0.0,0.0,0.0,1.0
-0.96,0.29411764705882354,0.7325289089994973,0.7852851270159166,0.6,0.0,0.5054744525547447,-0.24482409379252962,1.0964011141832153,0.10550257566691834,0.06005329152419082,0.0,1.0,0.0,0.0,0.0,1.0,0.0,0.0,0.0,1.0,1.0,0.0,0.0,0.0,1.0,0.0,0.0,0.0,0.0,1.0,0.0
-0.8,-0.8823529411764706,-0.49984917043740545,-0.12206176873616537,-0.7333333333333333,-1.0,-0.060218978102189735,-0.5875032215183863,-0.7442015894282151,0.39543566503145533,1.7059377819489336,1.0,0.0,0.0,1.0,0.0,0.0,0.0,1.0,0.0,0.0,0.0,0.0,1.0,0.0,0.0,0.0,1.0,1.0,0.0,0.0,0.0
0.4,0.9411764705882353,-0.40774258421317205,0.31348160640876976,-0.6666666666666666,2.0,-0.468978102189781,0.10296964777998159,0.47697447228988527,0.7930250229624646,2.060529445158251,1.0,0.0,0.0,1.0,0.0,0.0,0.0,1.0,0.0,0.0,0.0,1.0,0.0,0.0,0.0,0.0,1.0,0.0,0.0,0.0,1.0
1.0,-0.9411764705882353,0.3634992458521873,0.20596605881732885,-0.4,1.0,-0.6843065693430656,9.692870610257312,-0.7265531576236105,-0.05714127569151663,0.7166857689406445,1.0,0.0,0.0,0.0,0.0,1.0,0.0,0.0,0.0,1.0,1.0,0.0,0.0,0.0,1.0,0.0,0.0,1.0,0.0,0.0,0.0
-0.8,-0.7941176470588235,-0.7713423831070887,0.023400442711078367,0.06666666666666667,1.0,-0.2244525547445255,3.2676369653975015,-0.735638542348936,1.2962981712298605,-0.014874701272752169,0.0,1.0,0.0,0.0,1.0,0.0,0.0,1.0,0.0,0.0,0.0,1.0,0.0,0.0,0.0,0.0,1.0,1.0,0.0,0.0,0.0
-0.48,-0.4411764705882353,-0.8775263951734537,-0.7456519447665227,0.26666666666666666,2.0,0.5967153284671534,1.7255808906311463,-0.6337703626853501,-0.04389306848768811,-0.5126449123110501,0.0,1.0,0.0,1.0,0.0,0.0,0.0,0.0,0.0,1.0,1.0,0.0,0.0,0.0,0.0,1.0,0.0,0.0,1.0,0.0,0.0
0.36,-0.38235294117647056,0.6532931121166416,0.8915357858121641,-0.3333333333333333,-1.0,-0.4653284671532846,-0.5875032215183863,0.07486496852093108,0.2078919249126622,1.2330813949736308,1.0,0.0,0.0,1.0,0.0,0.0,0.0,1.0,0.0,0.0,1.0,0.0,0.0,0.0,1.0,0.0,0.0,0.0,1.0,0.0,0.0
-0.2,-0.11764705882352941,-0.152941176470588,0.17729524612627812,0.6,0.0,0.3448905109489052,-0.09006577804536857,-0.06508450456582736,0.29611286816671106,-0.18329392832534042,0.0,1.0,0.0,0.0,0.0,0.0,1.0,0.0,1.0,0.0,0.0,1.0,0.0,0.0,0.0,0.0,1.0,0.0,0.0,1.0,0.0
0.6,0.6470588235294118,0.9473102061337357,-0.4770738905871193,0.26666666666666666,0.0,-0.8047445255474452,-0.31696706805060476,1.8611527827332455,-0.6244944293159606,-0.37685790971744343,1.0,0.0,0.0,0.0,0.0,0.0,1.0,1.0,0.0,0.0,0.0,0.0,1.0,0.0,0.0,1.0,0.0,0.0,0.0,0.0,1.0
0.8,0.35294117647058826,0.008345902463549647,-0.13977021186887323,0.6,1.0,0.6916058394160586,0.0686908528502754,0.4860351796461061,-0.11769915219446403,-0.31019899720664945,0.0,1.0,0.0,0.0,1.0,0.0,0.0,0.0,0.0,1.0,1.0,0.0,0.0,0.0,0.0,1.0,0.0,0.0,0.0,1.0,0.0
0.88,0.38235294117647056,-0.10427350427350401,-0.6743965426372932,0.6,0.0,0.9069343065693432,-0.2662415392753957,0.40353462183474187,-0.5344791570422547,-0.5241825442033248,1.0,0.0,0.0,1.0,0.0,0.0,0.0,0.0,0.0,1.0,1.0,0.0,0.0,0.0,0.0,0.0,1.0,0.0,0.0,1.0,0.0
-0.12,0.6470588235294118,-0.2474610356963295,0.18952250447981445,-0.6,2.0,-0.16970802919708025,0.22410523888495842,0.4683744091569494,0.4142767573710142,1.4011631085451517,0.0,1.0,0.0,1.0,0.0,0.0,0.0,1.0,0.0,0.0,0.0,1.0,0.0,1.0,0.0,0.0,0.0,0.0,0.0,0.0,1.0
-1.04,0.38235294117647056,-0.11935646053293086,0.17139243174870866,-0.13333333333333333,1.0,-0.3120437956204379,0.05502014296759493,0.3887282003720114,0.2570015359936937,0.25372112321816065,1.0,0.0,1.0,0.0,0.0,0.0,0.0,0.0,1.0,0.0,1.0,0.0,0.0,1.0,0.0,0.0,0.0,0.0,0.0,1.0,0.0
-0.12,0.29411764705882354,-0.18350930115635966,-0.7578792031200591,-0.2,-1.0,-0.42153284671532837,-0.5875032215183863,0.25336049214899803,-0.5884658775146013,-0.4102717443431073,0.0,1.0,0.0,1.0,0.0,0.0,0.0,0.0,0.0,1.0,1.0,0.0,0.0,0.0,0.0,1.0,0.0,0.0,0.0,1.0,0.0
-0.28,-0.47058823529411764,-0.30397184514831543,0.15241909982080734,-0.9333333333333333,4.0,-0.19525547445255467,3.470539080498338,-0.4208375704718827,0.44650067148420164,11.575169481838177,0.0,1.0,1.0,0.0,0.0,0.0,0.0,0.0,0.0,1.0,1.0,0.0,0.0,1.0,0.0,0.0,0.0,0.0,1.0,0.0,0.0
-0.6,-0.4117647058823529,-0.708798391151332,-0.5162854432381154,0.6,1.0,-0.8996350364963503,0.881121611592428,-0.5513685143504042,0.128043327251472,-0.460898766503204,0.0,1.0,0.0,0.0,1.0,0.0,0.0,1.0,0.0,0.0,1.0,0.0,0.0,0.0,0.0,0.0,1.0,0.0,1.0,0.0,0.0
0.04,0.29411764705882354,-0.022624434389139983,0.8885843786233795,0.7333333333333333,1.0,-0.9142335766423357,0.09785503393332708,0.40142470677630293,0.7887319603554116,0.03937410016495138,0.0,1.0,0.0,1.0,0.0,0.0,0.0,0.0,0.0,1.0,0.0,1.0,0.0,0.0,0.0,1.0,0.0,0.0,0.0,1.0,0.0
-0.04,-0.8529411764705882,0.403318250377074,-0.1515758406240119,0.2,1.0,-0.5200729927007298,4.552683694369464,-0.6157147542905206,-0.3113516654884263,-0.18492524348383252,0.0,1.0,0.0,1.0,0.0,0.0,0.0,0.0,1.0,0.0,1.0,0.0,0.0,1.0,0.0,0.0,0.0,1.0,0.0,0.0,0.0
-0.88,-0.6470588235294118,-0.8017094017094013,-0.33920101191103624,0.7333333333333333,1.0,-0.5492700729927007,1.7848907396606217,-0.6831703427378102,0.6709504487081946,-0.41424401838951486,0.0,1.0,1.0,0.0,0.0,0.0,0.0,0.0,0.0,1.0,1.0,0.0,0.0,0.0,0.0,0.0,1.0,0.0,1.0,0.0,0.0
0.72,-0.5882352941176471,-0.8465560583207637,0.018340887530304485,-0.4,1.0,0.3193430656934307,1.4685715448367538,-0.6739533453772605,1.61177050794454,0.51642777017404,1.0,0.0,0.0,0.0,0.0,1.0,0.0,0.0,0.0,1.0,0.0,0.0,1.0,0.0,0.0,1.0,0.0,0.0,1.0,0.0,0.0
0.56,-0.6176470588235294,-0.896028154851684,0.7317381680193951,0.26666666666666666,2.0,-0.060218978102189735,2.7169026529809455,-0.698688295009722,3.6485601117534965,0.23429018515833408,1.0,0.0,0.0,1.0,0.0,0.0,0.0,0.0,0.0,1.0,1.0,0.0,0.0,0.0,0.0,0.0,1.0,0.0,1.0,0.0,0.0
-0.52,0.5588235294117647,-0.19054801407742555,-0.6128386212712134,-0.4,0.0,0.28649635036496357,-0.3019372817468391,0.46276030768566406,-0.44324895999739844,-0.157249138036313,1.0,0.0,0.0,0.0,1.0,0.0,0.0,1.0,0.0,0.0,0.0,0.0,1.0,0.0,0.0,1.0,0.0,0.0,0.0,0.0,1.0
-1.04,-0.11764705882352941,0.4332830568124688,0.11615895435859604,-0.4666666666666667,0.0,-0.060218978102189735,-0.09006577804536857,0.3065772386229618,-0.1496152160644024,0.7865510595215782,0.0,1.0,0.0,0.0,1.0,0.0,0.0,1.0,0.0,0.0,0.0,0.0,1.0,0.0,1.0,0.0,0.0,0.0,0.0,1.0,0.0
-0.56,-0.5294117647058824,-0.1513323278029157,0.32823864235269307,0.8666666666666667,-1.0,0.6879562043795622,-0.5875032215183863,-0.4111023483601373,0.438516076014016,-0.206027872085803,1.0,0.0,0.0,1.0,0.0,0.0,0.0,1.0,0.0,0.0,1.0,0.0,0.0,1.0,0.0,0.0,0.0,0.0,1.0,0.0,0.0
0.68,-0.3235294117647059,-0.09643036701860204,0.00948666596395067,0.5333333333333333,-1.0,0.5091240875912411,-0.5875032215183863,-0.2106357404393188,0.08734984885133933,-0.23069989791612083,1.0,0.0,0.0,0.0,1.0,0.0,0.0,0.0,1.0,0.0,1.0,0.0,0.0,0.0,0.0,0.0,1.0,0.0,1.0,0.0,0.0
-0.76,0.4411764705882353,-0.814982403217697,0.88268156424581,0.9333333333333333,0.0,-0.052919708029196925,-0.2790920065651153,-0.27171222897308206,3.287458644604839,-0.03957719656810983,1.0,0.0,0.0,0.0,0.0,1.0,0.0,1.0,0.0,0.0,0.0,1.0,0.0,1.0,0.0,0.0,0.0,0.0,0.0,0.0,1.0
0.16,-0.08823529411764706,0.04052287581699376,-0.08453673447876046,-0.13333333333333333,-1.0,-0.5164233576642335,-0.5875032215183863,0.08628236462663669,-0.09124995769192967,0.06460972351859955,1.0,0.0,0.0,0.0,0.0,1.0,0.0,1.0,0.0,0.0,0.0,1.0,0.0,1.0,0.0,0.0,0.0,0.0,0.0,1.0,0.0
0.84,0.3235294117647059,-0.19497234791352408,-0.8438916411932118,-0.26666666666666666,1.0,-0.7499999999999999,0.08295594142350718,0.2667068359397092,-0.6700794380936893,-0.4585975382231995,1.0,0.0,0.0,0.0,1.0,0.0,0.0,0.0,0.0,1.0,0.0,1.0,0.0,1.0,0.0,0.0,0.0,0.0,0.0,1.0,0.0
1.0,1.0294117647058822,0.06566113624937182,0.4572572994624223,0.13333333333333333,0.0,0.363138686131387,-0.3672094965517642,1.2133307147902785,0.3322151986357095,0.18968824885530905,1.0,0.0,0.0,0.0,1.0,0.0,0.0,0.0,1.0,0.0,0.0,1.0,0.0,1.0,0.0,0.0,0.0,0.0,0.0,0.0,1.0
-0.04,0.6176470588235294,-0.5093011563599795,0.36196901022451766,0.6666666666666666,2.0,0.717153284671533,0.23859824710644673,0.14567256627158884,1.0658744166296528,-0.1332001774653302,0.0,1.0,0.0,1.0,0.0,0.0,0.0,0.0,0.0,1.0,1.0,0.0,0.0,1.0,0.0,0.0,0.0,0.0,0.0,0.0,1.0
-0.04,-0.5882352941176471,-0.7753645047762692,0.9556234847686307,0.5333333333333333,2.0,-0.5346715328467153,2.496608928014324,-0.652113873719733,3.145500491597521,0.16445501591781622,1.0,0.0,0.0,1.0,0.0,0.0,0.0,1.0,0.0,0.0,0.0,0.0,1.0,0.0,0.0,1.0,0.0,0.0,1.0,0.0,0.0
0.44,0.5294117647058824,-0.585922574157868,0.49056603773584895,0.9333333333333333,1.0,-0.5127737226277371,-0.005595268776365558,0.010218487256709523,1.4558086359889264,-0.16946169479953022,0.0,1.0,0.0,0.0,1.0,0.0,0.0,1.0,0.0,0.0,0.0,1.0,0.0,1.0,0.0,0.0,0.0,0.0,0.0,0.0,1.0
-0.16,0.35294117647058826,-0.0720965309200602,-0.6672288394645305,0.7333333333333333,0.0,-0.28284671532846706,-0.2594061843340555,0.40871275645184685,-0.5383956993478252,-0.5354373206681463,0.0,1.0,0.0,0.0,0.0,0.0,1.0,0.0,1.0,0.0,0.0,0.0,1.0,0.0,0.0,0.0,1.0,0.0,0.0,1.0,0.0
0.6,-0.20588235294117646,0.5617898441427855,-0.4049752292610942,0.13333333333333333,0.0,-0.5273722627737225,-0.03676890910183097,0.26993134550270387,-0.5161240150162278,-0.2975223879324449,1.0,0.0,0.0,0.0,0.0,1.0,0.0,0.0,1.0,0.0,1.0,0.0,0.0,1.0,0.0,0.0,0.0,0.0,0.0,1.0,0.0
-0.72,1.0,0.7532428355957769,-0.05207125540212933,-0.9333333333333333,1.0,-0.3521897810218978,-0.14053044622379066,2.15438162111807,-0.36244319969492883,9.610841022026428,0.0,1.0,1.0,0.0,0.0,0.0,0.0,0.0,0.0,1.0,0.0,1.0,0.0,0.0,0.0,0.0,1.0,0.0,0.0,0.0,1.0
0.72,-0.3235294117647059,0.19296128707893437,-0.4117213028354591,0.7333333333333333,-1.0,0.28284671532846717,-0.5875032215183863,-0.06859280387352423,-0.41847522027382666,-0.441037396271166,0.0,1.0,0.0,1.0,0.0,0.0,0.0,1.0,0.0,0.0,0.0,1.0,0.0,0.0,0.0,0.0,1.0,0.0,1.0,0.0,0.0
-0.24,0.5294117647058824,-0.7439919557566613,-0.04363866343417318,-0.3333333333333333,0.0,0.7500000000000002,-0.29654924514737596,-0.16111648643618678,1.0719424837309277,0.33475551376487533,1.0,0.0,1.0,0.0,0.0,0.0,0.0,0.0,0.0,1.0,0.0,0.0,1.0,0.0,1.0,0.0,0.0,0.0,0.0,0.0,1.0
-0.04,0.5882352941176471,0.508697838109603,-0.8767787498682409,-0.7333333333333333,1.0,0.18795620437956226,-0.026755557966984502,1.2732761572400833,-0.7953645787508332,-0.1065096113825272,0.0,1.0,0.0,0.0,0.0,1.0,0.0,1.0,0.0,0.0,1.0,0.0,0.0,1.0,0.0,0.0,0.0,0.0,0.0,0.0,1.0
0.68,-0.5294117647058824,0.3353443941679238,0.492674185727838,-0.26666666666666666,0.0,0.5054744525547447,0.3195885871677049,-0.24189785419993393,0.15288058021355647,0.7085854453950292,1.0,0.0,0.0,1.0,0.0,0.0,0.0,1.0,0.0,0.0,0.0,1.0,0.0,0.0,0.0,1.0,0.0,0.0,1.0,0.0,0.0
0.56,-0.9117647058823529,-0.14127702362996447,0.6490987667334247,0.6,0.0,0.06386861313868614,3.2676369653975015,-0.7325291938417626,0.7307980695033232,0.005544864331820146,0.0,1.0,0.0,1.0,0.0,0.0,0.0,1.0,0.0,0.0,1.0,0.0,0.0,1.0,0.0,0.0,0.0,1.0,0.0,0.0,0.0
0.52,-0.3235294117647059,0.9712418300653596,-0.8207020132813324,-0.06666666666666667,-1.0,0.020072992700730083,-0.5875032215183863,0.31341286986492234,-0.7980845614650983,-0.4954697902068128,1.0,0.0,0.0,0.0,0.0,0.0,1.0,0.0,0.0,1.0,1.0,0.0,0.0,0.0,0.0,1.0,0.0,0.0,1.0,0.0,0.0
0.96,-0.7058823529411765,-0.19899446958270461,0.7591440919152526,0.26666666666666666,1.0,-0.07116788321167868,2.2162350962386235,-0.5705551688291924,0.9234024941370067,0.24814600174951854,0.0,1.0,0.0,0.0,0.0,0.0,1.0,0.0,1.0,0.0,1.0,0.0,0.0,0.0,1.0,0.0,0.0,1.0,0.0,0.0,0.0
0.4,-0.5588235294117647,0.25027652086475627,0.0035838515863812204,0.9333333333333333,-1.0,0.1186131386861314,-0.5875032215183863,-0.3044755493542241,-0.1396187895495015,-0.3307698619579072,0.0,1.0,1.0,0.0,0.0,0.0,0.0,0.0,1.0,0.0,0.0,1.0,0.0,0.0,0.0,0.0,1.0,0.0,1.0,0.0,0.0
-0.76,0.4117647058823529,-0.24002011060834563,0.8561188995467482,-0.9333333333333333,0.0,-0.8120437956204378,-0.27279790013749755,0.2932514593065043,1.0916513686520226,18.334889480654287,0.0,1.0,1.0,0.0,0.0,0.0,0.0,0.0,0.0,1.0,0.0,1.0,0.0,0.0,0.0,1.0,0.0,0.0,0.0,0.0,1.0
0.0,1.0294117647058822,0.8143790849673205,0.03141140508063661,0.3333333333333333,-1.0,0.1295620437956206,-0.5875032215183863,2.2851922418464437,-0.3345756114923604,-0.14903630999700843,1.0,0.0,0.0,0.0,0.0,0.0,1.0,1.0,0.0,0.0,0.0,1.0,0.0,0.0,0.0,1.0,0.0,0.0,0.0,0.0,1.0
-0.32,-0.029411764705882353,0.9284062342885872,-0.705597132918731,-0.8,0.0,-0.6003649635036495,-0.1339573171753407,0.7610932485802803,-0.7371596374176053,0.641082749181567,0.0,1.0,0.0,0.0,0.0,1.0,0.0,0.0,1.0,0.0,1.0,0.0,0.0,1.0,0.0,0.0,0.0,0.0,0.0,1.0,0.0
0.08,0.0,1.0265460030165914,-0.4399704859281123,-0.6,2.0,0.023722627737226488,0.7342591282813467,0.8782120423504788,-0.6173055847504241,0.3933478540781605,0.0,1.0,0.0,0.0,0.0,1.0,0.0,1.0,0.0,0.0,1.0,0.0,0.0,1.0,0.0,0.0,0.0,0.0,0.0,1.0,0.0
-0.96,0.2647058823529412,0.006737053795877484,0.9172551913144303,0.9333333333333333,1.0,-0.322992700729927,0.113431357920866,0.4004252733275685,0.7756917577875976,-0.02812501500361884,0.0,1.0,0.0,0.0,0.0,1.0,0.0,0.0,1.0,0.0,0.0,0.0,1.0,0.0,0.0,0.0,1.0,0.0,0.0,1.0,0.0
0.16,0.29411764705882354,-0.823428858722976,0.4315378939601559,0.13333333333333333,0.0,-0.4981751824817518,-0.24482409379252962,-0.33556492153110734,2.3872586584529842,0.17515531543523405,1.0,0.0,0.0,0.0,0.0,0.0,1.0,0.0,0.0,1.0,1.0,0.0,0.0,1.0,0.0,0.0,0.0,0.0,0.0,1.0,0.0
-0.08,0.7647058823529411,0.7152337858220212,0.36281226942131345,-0.8,-1.0,0.1587591240875913,-0.5875032215183863,1.760658309949813,-0.12082787504649438,4.062119393279833,1.0,0.0,0.0,0.0,0.0,0.0,1.0,1.0,0.0,0.0,0.0,0.0,1.0,0.0,1.0,0.0,0.0,0.0,0.0,0.0,1.0
0.2,0.7352941176470589,-0.3226747109100047,0.830399494044482,0.0,1.0,-0.636861313868613,-0.0734845299296013,0.44454840928650546,1.225159935074184,0.5479290284069891,0.0,1.0,0.0,0.0,1.0,0.0,0.0,1.0,0.0,0.0,0.0,1.0,0.0,1.0,0.0,0.0,0.0,0.0,0.0,0.0,1.0
0.92,-0.4117647058823529,-0.8805429864253389,-0.8147991989037631,-0.9333333333333333,1.0,-0.9434306569343065,0.881121611592428,-0.6251291706039066,-0.2038905620450282,2.2840983750172374,0.0,1.0,0.0,0.0,0.0,0.0,1.0,0.0,0.0,1.0,1.0,0.0,0.0,0.0,1.0,0.0,0.0,0.0,1.0,0.0,0.0
0.6,-0.14705882352941177,0.5036701860231274,-0.18361969010224524,0.8,2.0,0.739051094890511,0.9545528532479689,0.3130180319592497,-0.3654953305388119,-0.3696576221213408,1.0,0.0,1.0,0.0,0.0,0.0,0.0,0.0,1.0,0.0,1.0,0.0,0.0,0.0,1.0,0.0,0.0,0.0,0.0,1.0,0.0
0.12,-0.5882352941176471,-0.13423831070889872,0.5976599557288922,-0.4666666666666667,-1.0,-0.8229927007299269,-0.5875032215183863,-0.45543524195646296,0.672767782849265,1.3647116525898821,0.0,1.0,0.0,0.0,0.0,1.0,0.0,0.0,0.0,1.0,1.0,0.0,0.0,0.0,0.0,0.0,1.0,0.0,1.0,0.0,0.0
0.2,-0.35294117647058826,0.3435897435897437,-0.7009592073363551,-0.7333333333333333,0.0,-0.5456204379562043,0.08295594142350718,-0.02956965752952801,-0.6613253959423565,0.315719753432679,0.0,1.0,0.0,0.0,0.0,1.0,0.0,1.0,0.0,0.0,1.0,0.0,0.0,0.0,0.0,1.0,0.0,0.0,1.0,0.0,0.0
0.72,0.5294117647058824,0.7482151835093013,0.16844102455992407,-0.3333333333333333,3.0,-0.5930656934306568,0.5763126839656553,1.456320542573089,-0.24024693286178253,0.5384786509371043,0.0,1.0,0.0,0.0,0.0,1.0,0.0,1.0,0.0,0.0,1.0,0.0,0.0,1.0,0.0,0.0,0.0,0.0,0.0,0.0,1.0
-0.68,0.29411764705882354,-0.799095022624434,-0.8067882365342048,-0.2,0.0,-0.13321167883211674,-0.24482409379252962,-0.31317020906872745,-0.29506146464278277,-0.44942330814691533,1.0,0.0,0.0,0.0,0.0,1.0,0.0,0.0,0.0,1.0,0.0,1.0,0.0,1.0,0.0,0.0,0.0,0.0,0.0,1.0,0.0
0.72,0.9411764705882353,0.6951231774761187,0.17982502371666484,0.26666666666666666,2.0,-0.7171532846715328,0.10296964777998159,1.9881672015143685,-0.21556151847042984,-0.044744644347209234,0.0,1.0,0.0,0.0,0.0,0.0,1.0,0.0,0.0,1.0,0.0,0.0,1.0,0.0,0.0,0.0,1.0,0.0,0.0,0.0,1.0
-0.6,0.9411764705882353,-0.49864253393665126,-0.6195846948455783,0.7333333333333333,-1.0,-0.9872262773722628,-0.5875032215183863,0.35241956462951574,-0.2719654418009127,-0.5178346945017127,0.0,1.0,0.0,0.0,1.0,0.0,0.0,1.0,0.0,0.0,0.0,0.0,1.0,0.0,0.0,0.0,1.0,0.0,0.0,0.0,1.0
-0.4,0.9117647058823529,0.14268476621417822,-0.25740486982186156,0.13333333333333333,0.0,-0.27554744525547437,-0.3538583617053022,1.2003915475897924,-0.2822295006831985,-0.2141367043746386,0.0,1.0,0.0,0.0,0.0,0.0,1.0,1.0,0.0,0.0,1.0,0.0,0.0,0.0,0.0,1.0,0.0,0.0,0.0,0.0,1.0
0.96,-0.7352941176470589,0.8435394670688788,-0.6170549172551915,0.9333333333333333,0.0,-0.031021897810218902,0.9545528532479689,-0.381156360951765,-0.6825912709668602,-0.5363504871155962,1.0,0.0,0.0,1.0,0.0,0.0,0.0,0.0,1.0,0.0,1.0,0.0,0.0,0.0,0.0,0.0,1.0,1.0,0.0,0.0,0.0
-0.24,0.5882352941176471,0.9261940673705379,0.16506798777274156,0.9333333333333333,1.0,-0.5200729927007298,-0.026755557966984502,1.7428864912996853,-0.2970711731643247,-0.2772797944066878,0.0,1.0,0.0,0.0,0.0,0.0,1.0,0.0,1.0,0.0,1.0,0.0,0.0,0.0,0.0,1.0,0.0,0.0,0.0,0.0,1.0
0.2,0.8529411764705882,-0.4063348416289589,-0.4016021924739117,0.13333333333333333,1.0,-0.6843065693430656,-0.10561069815390037,0.4201836201906124,-0.07383033778579358,-0.29561642945112354,1.0,0.0,0.0,0.0,0.0,0.0,1.0,0.0,1.0,0.0,1.0,0.0,0.0,0.0,1.0,0.0,0.0,0.0,0.0,0.0,1.0
1.0,0.0,-0.7900452488687778,-0.07694740170759988,-0.06666666666666667,0.0,-0.2645985401459853,-0.14691577158514202,-0.42210022919106555,1.1670951369225702,0.01485059316696171,0.0,1.0,0.0,1.0,0.0,0.0,0.0,0.0,1.0,0.0,1.0,0.0,0.0,0.0,0.0,1.0,0.0,0.0,0.0,1.0,0.0
-0.6,0.4411764705882353,-0.6468577174459523,0.6697586170549171,0.13333333333333333,0.0,-0.9361313868613139,-0.2790920065651153,-0.09979322421137794,1.9496271978374335,0.30976363317854994,1.0,0.0,0.0,0.0,1.0,0.0,0.0,0.0,1.0,0.0,1.0,0.0,0.0,1.0,0.0,0.0,0.0,0.0,0.0,0.0,1.0
0.32,-0.47058823529411764,0.7419808949220714,-0.11784547275218728,-0.8666666666666667,1.0,0.22445255474452577,1.0357136992883031,-0.014405414214781484,-0.3954423367737561,4.137047386076776,0.0,1.0,1.0,0.0,0.0,0.0,0.0,0.0,1.0,0.0,1.0,0.0,0.0,0.0,1.0,0.0,0.0,0.0,1.0,0.0,0.0
0.84,0.6764705882352942,0.9521367521367522,-0.12037525034257411,-0.7333333333333333,1.0,0.1660583941605841,-0.05575974746102251,1.914135094200716,-0.44697684335600796,1.7099879437217413,0.0,1.0,0.0,0.0,0.0,0.0,1.0,1.0,0.0,0.0,0.0,1.0,0.0,1.0,0.0,0.0,0.0,0.0,0.0,0.0,1.0
-0.28,0.7352941176470589,-0.3273001508295622,-0.3282386423526933,-0.7333333333333333,1.0,0.8704379562043797,-0.0734845299296013,0.4388726143924589,-0.05870713350290171,1.210805505223188,0.0,1.0,0.0,0.0,1.0,0.0,0.0,0.0,0.0,1.0,0.0,0.0,1.0,1.0,0.0,0.0,0.0,0.0,0.0,0.0,1.0
-0.84,-0.9117647058823529,-0.32790346907993934,-0.6267523980183409,0.7333333333333333,2.0,0.14416058394160594,10.977917339229275,-0.747796259527778,-0.3916614552848224,-0.5204828771993177,0.0,1.0,0.0,0.0,0.0,0.0,1.0,1.0,0.0,0.0,1.0,0.0,0.0,0.0,1.0,0.0,0.0,1.0,0.0,0.0,0.0
-0.6,-0.38235294117647056,0.6675716440422323,-0.1035100664066618,0.5333333333333333,-1.0,0.6186131386861315,-0.5875032215183863,0.08128931027781577,-0.3669843337042676,-0.2778930872688371,1.0,0.0,0.0,1.0,0.0,0.0,0.0,0.0,0.0,1.0,1.0,0.0,0.0,0.0,0.0,0.0,1.0,0.0,1.0,0.0,0.0
-0.76,-0.5588235294117647,-0.7948717948717946,-0.714451354485085,0.5333333333333333,-1.0,-0.8047445255474452,-0.5875032215183863,-0.6464709819844924,-0.11204667502727589,-0.5330532789557243,1.0,0.0,0.0,0.0,0.0,1.0,0.0,0.0,1.0,0.0,1.0,0.0,0.0,1.0,0.0,0.0,0.0,0.0,1.0,0.0,0.0
0.36,0.5294117647058824,0.3634992458521873,0.7570359439232636,-0.9333333333333333,1.0,-0.20620437956204377,-0.005595268776365558,1.0393182465495387,0.31199331237885736,17.38310146404447,0.0,1.0,0.0,1.0,0.0,0.0,0.0,0.0,1.0,0.0,1.0,0.0,0.0,0.0,1.0,0.0,0.0,0.0,0.0,0.0,1.0
0.6,-0.8235294117647058,-0.7532428355957763,0.7899230525982923,0.4666666666666667,-1.0,-0.7354014598540146,-0.5875032215183863,-0.745155781033591,2.68289596795057,0.13162149103232743,1.0,0.0,0.0,0.0,0.0,1.0,0.0,1.0,0.0,0.0,0.0,1.0,0.0,0.0,1.0,0.0,0.0,1.0,0.0,0.0,0.0
0.56,-0.7352941176470589,-0.49120160884866737,0.6478338779382312,0.26666666666666666,2.0,-0.40693430656934304,4.038665002780679,-0.6541291921966046,1.4031878581204453,0.19187006974840043,0.0,1.0,0.0,0.0,0.0,0.0,1.0,1.0,0.0,0.0,0.0,1.0,0.0,0.0,0.0,0.0,1.0,1.0,0.0,0.0,0.0
0.32,0.35294117647058826,-0.9394670688788332,0.5310424791820386,0.4,1.0,0.8704379562043797,0.0686908528502754,-0.4250162716402534,3.572061937624977,0.05303783273914892,1.0,0.0,0.0,0.0,1.0,0.0,0.0,1.0,0.0,0.0,0.0,1.0,0.0,0.0,0.0,1.0,0.0,0.0,0.0,1.0,0.0
-1.0,0.8529411764705882,-0.8260432378079433,-0.17645198692948255,0.4,2.0,0.885036496350365,0.1353355635283426,-0.12916751923549505,1.0946735893464525,-0.2705893793928215,0.0,1.0,0.0,1.0,0.0,0.0,0.0,0.0,1.0,0.0,0.0,0.0,1.0,1.0,0.0,0.0,0.0,0.0,0.0,0.0,1.0
-0.08,1.0588235294117647,-0.03931623931623899,-0.4627384842415938,0.8666666666666667,-1.0,0.7901459854014601,-0.5875032215183863,1.0901248366409582,-0.3699194993358701,-0.4773887108639211,0.0,1.0,0.0,1.0,0.0,0.0,0.0,0.0,0.0,1.0,1.0,0.0,0.0,0.0,1.0,0.0,0.0,0.0,0.0,0.0,1.0
0.0,0.7352941176470589,-0.2766214177978881,0.4952039633182249,0.5333333333333333,2.0,0.1989051094890512,0.18352481586479127,0.5010595845359269,0.7762319691301407,-0.027839621295490096,1.0,0.0,0.0,0.0,1.0,0.0,0.0,1.0,0.0,0.0,0.0,0.0,1.0,0.0,1.0,0.0,0.0,0.0,0.0,0.0,1.0
-0.48,0.9117647058823529,0.5477124183006538,-0.201749762833351,-0.8666666666666667,0.0,0.9653284671532848,-0.3538583617053022,1.7470939827320118,-0.3899239371139048,3.7340562896824063,0.0,1.0,0.0,0.0,0.0,0.0,1.0,1.0,0.0,0.0,1.0,0.0,0.0,1.0,0.0,0.0,0.0,0.0,0.0,0.0,1.0
0.32,-0.47058823529411764,0.023026646556058523,0.1170022135553916,0.5333333333333333,0.0,0.9726277372262776,0.22410523888495842,-0.29377379695255057,0.08773279373213608,-0.18579593043499165,1.0,0.0,0.0,1.0,0.0,0.0,0.0,1.0,0.0,0.0,1.0,0.0,0.0,0.0,1.0,0.0,0.0,0.0,1.0,0.0,0.0
0.32,0.9411764705882353,-0.12116641528406201,-0.9012332665753137,-0.7333333333333333,0.0,0.914233576642336,-0.3573455984189303,0.8696531081660502,-0.7400674617499814,-0.16523695708823938,0.0,1.0,0.0,0.0,0.0,1.0,0.0,1.0,0.0,0.0,0.0,0.0,1.0,0.0,1.0,0.0,0.0,0.0,0.0,0.0,1.0
0.72,-0.5294117647058824,-0.0702865761689289,0.6195846948455782,0.8,-1.0,0.8193430656934308,-0.5875032215183863,-0.38292490573759114,0.6121585844281914,-0.08389620815101734,0.0,1.0,1.0,0.0,0.0,0.0,0.0,0.0,1.0,0.0,1.0,0.0,0.0,0.0,1.0,0.0,0.0,0.0,1.0,0.0,0.0
0.36,0.3235294117647059,-0.7701357466063344,0.49731211131021397,0.4,4.0,-0.47262773722627727,1.0886446858363474,-0.2743856106260751,2.2157795915863594,0.03760864503321461,0.0,1.0,0.0,0.0,0.0,0.0,1.0,0.0,1.0,0.0,1.0,0.0,0.0,1.0,0.0,0.0,0.0,0.0,0.0,1.0,0.0
-0.6,0.5294117647058824,0.950326797385621,0.6238009908295562,0.7333333333333333,0.0,-0.3047445255474452,-0.29654924514737596,1.6753938867987388,-0.07452753078288941,-0.05845288419363544,0.0,1.0,0.0,1.0,0.0,0.0,0.0,0.0,0.0,1.0,0.0,1.0,0.0,0.0,1.0,0.0,0.0,0.0,0.0,0.0,1.0
0.24,0.9117647058823529,-0.7270990447461032,0.06809318014124582,-0.2,-1.0,-0.9470802919708028,-0.5875032215183863,0.026365712440787364,1.221403697642068,0.25091716506775524,0.0,1.0,0.0,0.0,0.0,1.0,0.0,0.0,0.0,1.0,1.0,0.0,0.0,0.0,1.0,0.0,0.0,0.0,0.0,0.0,1.0
0.0,1.0,0.8208144796380091,0.6887319489828185,0.0,0.0,0.25364963503649646,-0.36401683387108846,2.2497349753380544,0.011731462787787235,0.45720540469609583,1.0,0.0,0.0,0.0,0.0,0.0,1.0,0.0,0.0,1.0,1.0,0.0,0.0,0.0,1.0,0.0,0.0,0.0,0.0,0.0,1.0
-0.52,-1.0,-0.6649572649572647,-0.4167808580162329,-0.8,-1.0,0.8959854014598542,-0.5875032215183863,-0.8182213580573153,0.2252166428703268,1.5658696873059994,1.0,0.0,0.0,1.0,0.0,0.0,0.0,1.0,0.0,0.0,1.0,0.0,0.0,0.0,0.0,1.0,0.0,1.0,0.0,0.0,0.0
0.72,1.0,-0.1396681749622923,0.8211236428797302,0.4666666666666667,-1.0,-0.2937956204379561,-0.5875032215183863,0.8943551546397057,0.8912002889742502,0.14524476244995357,0.0,1.0,0.0,0.0,1.0,0.0,0.0,1.0,0.0,0.0,0.0,0.0,1.0,0.0,0.0,0.0,1.0,0.0,0.0,0.0,1.0
0.12,0.8823529411764706,-0.8580191050779283,-0.50195003689259,0.6,2.0,-0.2645985401459853,0.12421496683531606,-0.16068463247685716,0.4789671283416143,-0.4551610373250596,1.0,0.0,0.0,0.0,1.0,0.0,0.0,0.0,0.0,1.0,0.0,1.0,0.0,0.0,0.0,0.0,1.0,0.0,0.0,0.0,1.0
-0.4,0.38235294117647056,-0.0940170940170938,-0.2013281332349531,0.3333333333333333,0.0,-0.28284671532846706,-0.2662415392753957,0.41360298842939863,-0.10673265156831425,-0.26082077492650185,0.0,1.0,0.0,1.0,0.0,0.0,0.0,0.0,0.0,1.0,1.0,0.0,0.0,1.0,0.0,0.0,0.0,0.0,0.0,1.0,0.0
-0.88,-0.47058823529411764,-0.16762192056309674,-0.8662380099082957,0.4,1.0,0.04562043795620438,1.0357136992883031,-0.36785525900441207,-0.6980840047654171,-0.5861162679791764,0.0,1.0,0.0,0.0,1.0,0.0,0.0,0.0,1.0,0.0,1.0,0.0,0.0,0.0,0.0,0.0,1.0,0.0,1.0,0.0,0.0
-0.64,-0.7647058823529411,-0.8365007541478126,0.5407399599451882,-0.6,1.0,0.25000000000000006,2.8392880557401807,-0.7355233812931148,2.709781466455868,1.9634605680032924,1.0,0.0,0.0,0.0,0.0,0.0,1.0,1.0,0.0,0.0,1.0,0.0,0.0,0.0,0.0,1.0,0.0,1.0,0.0,0.0,0.0
-0.2,0.7647058823529411,-0.30718954248365976,0.8696110466954781,0.06666666666666667,0.0,0.41423357664233584,-0.33470714368783633,0.48515090725319315,1.2362241274255006,0.4931674661038179,0.0,1.0,0.0,0.0,0.0,0.0,1.0,0.0,1.0,0.0,0.0,1.0,0.0,0.0,0.0,0.0,1.0,0.0,0.0,0.0,1.0
-0.56,-0.47058823529411764,0.21427853192559101,0.9686940023189629,-0.26666666666666666,1.0,0.3558394160583942,1.0357136992883031,-0.21945789989419573,0.586482029891492,1.124279321895023,1.0,0.0,0.0,0.0,0.0,1.0,0.0,0.0,1.0,0.0,1.0,0.0,0.0,0.0,0.0,1.0,0.0,0.0,1.0,0.0,0.0
-0.08,0.08823529411764706,0.8835595776772249,-0.5361020343628123,0.26666666666666666,-1.0,0.6040145985401462,-0.5875032215183863,0.913722776491927,-0.6456665567102899,-0.40670120699076356,0.0,1.0,0.0,0.0,1.0,0.0,0.0,0.0,1.0,0.0,1.0,0.0,0.0,1.0,0.0,0.0,0.0,0.0,0.0,1.0,0.0
0.96,-0.08823529411764706,-0.9109100050276516,-0.808896384526194,-0.9333333333333333,0.0,-0.9397810218978101,-0.10561069815390037,-0.5363770126193896,-0.13877277109964506,2.340800639836546,1.0,0.0,0.0,0.0,0.0,0.0,1.0,1.0,0.0,0.0,0.0,1.0,0.0,0.0,1.0,0.0,0.0,0.0,0.0,1.0,0.0
0.36,-0.2647058823529412,-0.9191553544494716,-0.6098872140824286,0.9333333333333333,-1.0,0.25364963503649646,-0.5875032215183863,-0.5962854390155374,0.39447099304900674,-0.5339762543522262,1.0,0.0,0.0,0.0,0.0,1.0,0.0,0.0,1.0,0.0,0.0,1.0,0.0,0.0,0.0,0.0,1.0,0.0,0.0,1.0,0.0
0.04,0.17647058823529413,-0.2947209653092003,0.8653947507115,0.8666666666666667,1.0,-0.42883211678832106,0.16471925397739667,0.06358741084015151,1.2061607500201925,-0.021745511423051023,0.0,1.0,0.0,0.0,0.0,1.0,0.0,0.0,0.0,1.0,1.0,0.0,0.0,0.0,0.0,1.0,0.0,0.0,0.0,1.0,0.0
0.4,-0.5882352941176471,-0.24404223227752617,-0.5770001054073998,-0.6,2.0,0.3047445255474453,2.496608928014324,-0.48911985078417475,-0.3820268746609323,0.17396409138440833,1.0,0.0,0.0,1.0,0.0,0.0,0.0,1.0,0.0,0.0,0.0,1.0,0.0,0.0,0.0,1.0,0.0,0.0,1.0,0.0,0.0
-0.96,1.0,1.0442433383609855,0.7401707599873513,-0.6666666666666666,1.0,-0.114963503649635,-0.14053044622379066,2.5650253817023483,-0.05274126348761619,2.8802821879745366,0.0,1.0,0.0,0.0,0.0,1.0,0.0,1.0,0.0,0.0,1.0,0.0,0.0,1.0,0.0,0.0,0.0,0.0,0.0,0.0,1.0
0.28,0.9705882352941176,0.6591251885369532,0.12037525034257411,0.8,0.0,-0.034671532846715175,-0.36073026934686353,1.9802046370832997,-0.23650318049560054,-0.2615033021882157,1.0,0.0,0.0,0.0,0.0,1.0,0.0,1.0,0.0,0.0,1.0,0.0,0.0,0.0,1.0,0.0,0.0,0.0,0.0,0.0,1.0
0.4,0.47058823529411764,-0.1627953745600801,-0.8679245283018869,0.2,1.0,-0.40693430656934304,0.01722465093900782,0.419747653336432,-0.7007189918962503,-0.5672155130394069,1.0,0.0,1.0,0.0,0.0,0.0,0.0,1.0,0.0,0.0,1.0,0.0,0.0,0.0,1.0,0.0,0.0,0.0,0.0,0.0,1.0
-0.04,-0.029411764705882353,-0.5559577677224733,-0.0765257721092021,0.0,0.0,0.3558394160583942,-0.1339573171753407,-0.2710541657969608,0.5541191614607521,-0.0328641698136399,0.0,1.0,0.0,1.0,0.0,0.0,0.0,0.0,0.0,1.0,0.0,1.0,0.0,0.0,0.0,0.0,1.0,0.0,0.0,1.0,0.0
0.32,-0.20588235294117646,-0.2575163398692807,-0.3130599768103721,0.0,0.0,0.6843065693430658,-0.03676890910183097,-0.19923479591301632,-0.09903078884402786,-0.18434022011664916,0.0,1.0,0.0,1.0,0.0,0.0,0.0,0.0,0.0,1.0,1.0,0.0,0.0,0.0,0.0,1.0,0.0,0.0,0.0,1.0,0.0
-0.16,0.23529411764705882,-0.6082453494218197,0.5567618846843049,0.3333333333333333,-1.0,-0.5456204379562043,-0.5875032215183863,-0.16841687479628317,1.6283066214604827,0.10328876844891348,0.0,1.0,0.0,1.0,0.0,0.0,0.0,0.0,1.0,0.0,1.0,0.0,0.0,1.0,0.0,0.0,0.0,0.0,0.0,1.0,0.0
0.68,0.20588235294117646,-0.6470588235294115,-0.7722146094655845,-0.9333333333333333,1.0,-0.09671532846715324,0.14680919503702083,-0.21719992062112933,-0.37809414153665566,2.6931647140708193,1.0,0.0,1.0,0.0,0.0,0.0,0.0,0.0,1.0,0.0,1.0,0.0,0.0,0.0,0.0,1.0,0.0,0.0,0.0,1.0,0.0
0.04,-0.6764705882352942,-0.6504776269482148,-0.5959734373353011,0.6,1.0,0.22445255474452577,1.9825902364255386,-0.6575428949227341,-0.08939123165447942,-0.4927937904640648,0.0,1.0,0.0,1.0,0.0,0.0,0.0,1.0,0.0,0.0,0.0,1.0,0.0,0.0,1.0,0.0,0.0,1.0,0.0,0.0,0.0
-0.12,-0.7058823529411765,-0.5973856209150322,-0.6562664699061875,0.7333333333333333,2.0,0.21715328467153297,3.6181042551171276,-0.6601792605220703,-0.2400425802253235,-0.5313871588953385,0.0,1.0,0.0,0.0,1.0,0.0,0.0,0.0,0.0,1.0,1.0,0.0,0.0,0.0,1.0,0.0,0.0,1.0,0.0,0.0,0.0
0.12,0.29411764705882354,0.8916038210155858,-0.8303994940444821,-0.26666666666666666,1.0,-0.3047445255474452,0.09785503393332708,1.2427996063959628,-0.7977175885028637,-0.44681524942957707,0.0,1.0,0.0,0.0,0.0,0.0,1.0,0.0,0.0,1.0,0.0,1.0,0.0,0.0,1.0,0.0,0.0,0.0,0.0,1.0,0.0
0.88,0.5588235294117647,0.7986928104575166,0.5942869189417097,-0.2,-1.0,-0.833941605839416,-0.5875032215183863,1.5552521153132333,-0.028965346748591112,0.6721339894397597,0.0,1.0,0.0,1.0,0.0,0.0,0.0,0.0,1.0,0.0,0.0,0.0,1.0,1.0,0.0,0.0,0.0,0.0,0.0,0.0,1.0
-0.44,-0.20588235294117646,-0.3421820010055301,0.5500158111099399,0.4666666666666667,1.0,0.9105839416058396,0.5139654033147244,-0.2477176004137571,0.9490978204237637,0.02686957972652742,0.0,1.0,0.0,1.0,0.0,0.0,0.0,0.0,1.0,0.0,1.0,0.0,0.0,0.0,1.0,0.0,0.0,0.0,0.0,1.0,0.0
0.68,0.8823529411764706,-0.3890397184514828,-0.24053968588594926,0.06666666666666667,0.0,-0.8047445255474452,-0.3502638254004855,0.4627479690011117,0.1018434675858576,-0.1733372806338548,0.0,1.0,0.0,0.0,1.0,0.0,0.0,0.0,1.0,0.0,1.0,0.0,0.0,0.0,0.0,1.0,0.0,0.0,0.0,0.0,1.0
0.6,-0.6764705882352942,0.6772247360482656,-0.7920312005902815,0.0,1.0,-0.8266423357664233,1.9825902364255386,-0.3317029132662452,-0.7600396471869951,-0.49107247171062146,1.0,0.0,0.0,0.0,1.0,0.0,0.0,0.0,0.0,1.0,0.0,1.0,0.0,1.0,0.0,0.0,0.0,1.0,0.0,0.0,0.0
0.4,-1.0,0.7264957264957267,-0.14229998945926006,-0.9333333333333333,3.0,0.13321167883211701,61.09473976913581,-0.7897642385849174,-0.404873910656022,8.744106402645574,0.0,1.0,1.0,0.0,0.0,0.0,0.0,1.0,0.0,0.0,1.0,0.0,0.0,0.0,0.0,0.0,1.0,1.0,0.0,0.0,0.0
-0.2,0.029411764705882353,0.0735042735042738,0.1705491725519131,-0.6666666666666666,0.0,-0.563868613138686,-0.1591543118610655,0.2254133716380943,0.09440861598014337,1.7859284769618864,0.0,1.0,0.0,0.0,0.0,0.0,1.0,1.0,0.0,0.0,0.0,1.0,0.0,0.0,0.0,0.0,1.0,0.0,0.0,1.0,0.0
-1.04,0.17647058823529413,0.6969331322272501,-0.38768841572678414,0.13333333333333333,-1.0,-0.27189781021897796,-0.5875032215183863,0.895095475712842,-0.5348339565009609,-0.28775435071567335,1.0,0.0,1.0,0.0,0.0,0.0,0.0,0.0,0.0,1.0,1.0,0.0,0.0,0.0,0.0,1.0,0.0,0.0,0.0,1.0,0.0
0.68,-0.14705882352941177,0.3942684766214181,-0.6743965426372932,0.26666666666666666,1.0,0.7718978102189783,0.44053416165918374,0.24589558799487135,-0.6521479984124926,-0.4766197891739708,1.0,0.0,0.0,0.0,0.0,1.0,0.0,1.0,0.0,0.0,1.0,0.0,0.0,1.0,0.0,0.0,0.0,0.0,0.0,1.0,0.0
0.52,-0.7941176470588235,0.8071392659627956,0.6550015811109939,-0.8,-1.0,-0.0273722627737225,-0.5875032215183863,-0.4773816488801101,-0.00018968052339465066,4.997706762798419,0.0,1.0,0.0,0.0,0.0,0.0,1.0,0.0,1.0,0.0,0.0,1.0,0.0,0.0,0.0,0.0,1.0,1.0,0.0,0.0,0.0
-0.72,0.6764705882352942,-0.4362996480643536,-0.6280172868135344,-0.4,0.0,-0.39963503649635024,-0.3216314844897044,0.2672003833218003,-0.3280367344606771,-0.17344978512754394,1.0,0.0,0.0,0.0,1.0,0.0,0.0,0.0,0.0,1.0,0.0,0.0,1.0,0.0,0.0,0.0,1.0,0.0,0.0,0.0,1.0
-0.52,0.9411764705882353,0.40553041729512324,0.6174765468535891,0.8,1.0,-0.8229927007299269,-0.12718797531947437,1.591355106313191,0.19076044500417447,-0.08464623810894471,0.0,1.0,0.0,1.0,0.0,0.0,0.0,0.0,0.0,1.0,0.0,1.0,0.0,0.0,0.0,0.0,1.0,0.0,0.0,0.0,1.0
0.04,-0.5588235294117647,0.41075917546505797,0.7249920944450301,-0.2,2.0,-0.23905109489051085,2.3038519186685296,-0.25196210789973994,0.2575013077695002,0.7767631685706262,0.0,1.0,0.0,1.0,0.0,0.0,0.0,1.0,0.0,0.0,1.0,0.0,0.0,0.0,0.0,0.0,1.0,0.0,1.0,0.0,0.0
-0.72,0.8529411764705882,-0.366113624937154,0.07779066090439545,-0.8666666666666667,0.0,0.9543795620437959,-0.3465569598361434,0.47282867428032077,0.4469139719522287,5.07668491736817,1.0,0.0,0.0,1.0,0.0,0.0,0.0,0.0,0.0,1.0,1.0,0.0,0.0,0.0,0.0,0.0,1.0,0.0,0.0,0.0,1.0
-0.04,-0.5,-0.3260935143288082,0.1532623590176029,0.06666666666666667,0.0,0.07481751824817534,0.2691945977962554,-0.45064783235018,0.47720875038668253,0.06309091285379659,1.0,0.0,0.0,0.0,1.0,0.0,0.0,0.0,0.0,1.0,1.0,0.0,0.0,1.0,0.0,0.0,0.0,0.0,1.0,0.0,0.0
0.2,-1.0,0.36973353443941714,0.8316643828396754,0.8,-1.0,-0.17335766423357651,-0.5875032215183863,-0.797060514050163,0.3572662606105156,-0.008443194383525135,0.0,1.0,0.0,0.0,1.0,0.0,0.0,0.0,0.0,1.0,0.0,1.0,0.0,0.0,1.0,0.0,0.0,1.0,0.0,0.0,0.0
-0.76,0.9705882352941176,0.6140774258421319,-0.8046800885422158,-0.5333333333333333,2.0,-0.9032846715328466,0.09281563499618214,1.9175570227165468,-0.761394067979923,-0.2640319746177994,0.0,1.0,0.0,0.0,1.0,0.0,0.0,0.0,0.0,1.0,0.0,1.0,0.0,0.0,1.0,0.0,0.0,0.0,0.0,0.0,1.0
-0.12,-0.7058823529411765,0.5845148315736552,-0.2122905027932962,0.13333333333333333,-1.0,-0.13321167883211674,-0.5875032215183863,-0.3942929471050875,-0.4067526080241007,-0.18864450968696644,0.0,1.0,1.0,0.0,0.0,0.0,0.0,1.0,0.0,0.0,1.0,0.0,0.0,0.0,1.0,0.0,0.0,1.0,0.0,0.0,0.0
-0.56,0.47058823529411764,-0.6174962292609347,-0.6756614314324866,-0.3333333333333333,1.0,0.5894160583941608,0.01722465093900782,-0.05451436479937798,-0.25099723707504906,-0.27236373597900393,0.0,1.0,1.0,0.0,0.0,0.0,0.0,1.0,0.0,0.0,0.0,1.0,0.0,0.0,0.0,1.0,0.0,0.0,0.0,0.0,1.0
-0.92,-0.5882352941176471,0.6951231774761187,0.10561821439865084,0.26666666666666666,0.0,-0.4872262773722627,0.44053416165918374,-0.20101156648854393,-0.25726122577332355,-0.08226193234795454,0.0,1.0,1.0,0.0,0.0,0.0,0.0,0.0,0.0,1.0,0.0,1.0,0.0,0.0,0.0,1.0,0.0,0.0,1.0,0.0,0.0
0.52,0.2647058823529412,0.17184514831573683,0.861178454727522,-0.6666666666666666,0.0,-0.9470802919708028,-0.23703593179876017,0.5489994869163676,0.547921232677623,3.1127614737337,0.0,1.0,1.0,0.0,0.0,0.0,0.0,0.0,0.0,1.0,0.0,1.0,0.0,0.0,0.0,1.0,0.0,0.0,0.0,1.0,0.0
-0.4,-0.23529411764705882,-0.17063851181498207,-0.8535891219563615,0.2,0.0,0.6514598540145986,-0.01637134197529188,-0.17387879915809032,-0.685181414123116,-0.5595652074685479,0.0,1.0,0.0,0.0,0.0,1.0,0.0,1.0,0.0,0.0,1.0,0.0,0.0,0.0,0.0,1.0,0.0,0.0,0.0,1.0,0.0
0.88,-0.7941176470588235,0.04434389140271518,0.36955834299567825,-0.4,0.0,0.17700729927007305,1.3400668719395576,-0.6021833302315251,0.27955792536057744,0.8912927431461337,1.0,0.0,0.0,0.0,0.0,1.0,0.0,0.0,1.0,0.0,0.0,1.0,0.0,0.0,0.0,1.0,0.0,1.0,0.0,0.0,0.0
0.32,-0.4411764705882353,0.25751633986928113,-0.8219669020765259,-0.7333333333333333,-1.0,0.9434306569343067,-0.5875032215183863,-0.1695067919317341,-0.7323886126348103,0.02512064623372409,0.0,1.0,0.0,0.0,0.0,0.0,1.0,1.0,0.0,0.0,1.0,0.0,0.0,0.0,0.0,1.0,0.0,0.0,1.0,0.0,0.0
0.16,0.0,0.6585218702865764,-0.7633603878992307,-0.26666666666666666,1.0,-0.7390510948905109,0.29367167834810226,0.6147811271593986,-0.7418857626775401,-0.3882720019862652,0.0,1.0,0.0,0.0,0.0,1.0,0.0,0.0,0.0,1.0,1.0,0.0,0.0,0.0,0.0,0.0,1.0,0.0,0.0,1.0,0.0
0.48,-0.4117647058823529,0.21186525892408264,-0.40666174765468543,-0.8666666666666667,1.0,-0.27554744525547437,0.881121611592428,-0.15596302918818644,-0.4211304149778611,2.7498669788901267,1.0,0.0,0.0,1.0,0.0,0.0,0.0,0.0,0.0,1.0,0.0,1.0,0.0,0.0,1.0,0.0,0.0,0.0,1.0,0.0,0.0
-0.44,-0.35294117647058826,0.7172448466566114,0.42689996837778016,-0.3333333333333333,0.0,0.7791970802919709,0.08295594142350718,0.1461907910227845,-0.08599818908245742,0.7867535676102184,1.0,0.0,0.0,1.0,0.0,0.0,0.0,1.0,0.0,0.0,1.0,0.0,0.0,0.0,1.0,0.0,0.0,0.0,1.0,0.0,0.0
0.52,1.0294117647058822,-0.49904474610356936,-0.8160640876989566,-0.2,0.0,0.005474452554744733,-0.3672094965517642,0.4049001029251938,-0.5345983911058297,-0.4568486047303962,1.0,0.0,0.0,0.0,0.0,0.0,1.0,0.0,1.0,0.0,0.0,1.0,0.0,0.0,0.0,1.0,0.0,0.0,0.0,0.0,1.0
0.6,0.5588235294117647,0.8210155857214683,-0.04321703383577528,-0.4666666666666667,0.0,0.5711678832116791,-0.3019372817468391,1.5799048070486796,-0.375963058991445,0.5951809157564127,0.0,1.0,0.0,0.0,0.0,0.0,1.0,1.0,0.0,0.0,1.0,0.0,0.0,0.0,1.0,0.0,0.0,0.0,0.0,0.0,1.0
-0.56,0.2647058823529412,-0.2788335847159374,-0.33793612311584276,0.13333333333333333,1.0,0.38868613138686153,0.113431357920866,0.1434516030521794,-0.10885011843423117,-0.2596414631161843,0.0,1.0,0.0,0.0,0.0,0.0,1.0,0.0,0.0,1.0,0.0,1.0,0.0,0.0,0.0,1.0,0.0,0.0,0.0,1.0,0.0
0.96,0.20588235294117646,0.1573655103066871,-0.8991251185833247,-0.6666666666666666,3.0,0.5273722627737227,0.881121611592428,0.4737664143062936,-0.7767916563380121,-0.26912360656075773,1.0,0.0,1.0,0.0,0.0,0.0,0.0,1.0,0.0,0.0,1.0,0.0,0.0,1.0,0.0,0.0,0.0,0.0,0.0,1.0,0.0
0.44,1.0588235294117647,0.8455505279034693,-0.5453778855275642,-0.8,0.0,-0.4981751824817518,-0.3703122250724208,2.3749931880179043,-0.6452988936757517,1.1541032404038798,1.0,0.0,1.0,0.0,0.0,0.0,0.0,1.0,0.0,0.0,1.0,0.0,0.0,0.0,0.0,0.0,1.0,0.0,0.0,0.0,1.0
0.8,0.0,-0.9286073403720457,-0.2738484241593761,-0.5333333333333333,0.0,0.7427007299270074,-0.14691577158514202,-0.521282688517106,1.3177165284872305,0.4644185499486201,1.0,0.0,0.0,0.0,1.0,0.0,0.0,0.0,0.0,1.0,1.0,0.0,0.0,1.0,0.0,0.0,0.0,0.0,0.0,1.0,0.0
0.76,-0.5,-0.0023127199597783943,0.48803626014546225,0.5333333333333333,4.0,0.5894160583941608,3.6959858750548227,-0.33145613957519954,0.4223754447508701,-0.03083321912756535,0.0,1.0,1.0,0.0,0.0,0.0,0.0,1.0,0.0,0.0,1.0,0.0,0.0,1.0,0.0,0.0,0.0,0.0,1.0,0.0,0.0
-0.16,-0.29411764705882354,-0.19497234791352408,0.8004637925582375,0.06666666666666667,4.0,-0.42153284671532837,2.496608928014324,-0.23510746480133168,0.957863172036218,0.45165330793253855,0.0,1.0,0.0,1.0,0.0,0.0,0.0,0.0,0.0,1.0,0.0,0.0,1.0,1.0,0.0,0.0,0.0,0.0,0.0,1.0,0.0
-0.36,0.5588235294117647,1.0287581699346406,-0.41720248761463063,0.13333333333333333,-1.0,-0.10401459854014591,-0.5875032215183863,1.8093303076136888,-0.6066028183106188,-0.3044314874272345,1.0,0.0,0.0,0.0,1.0,0.0,0.0,1.0,0.0,0.0,1.0,0.0,0.0,0.0,0.0,0.0,1.0,0.0,0.0,0.0,1.0
0.6,0.38235294117647056,-0.05822021116138726,-0.6453041003478445,0.13333333333333333,2.0,-0.06386861313868601,0.3762818252105856,0.44874356203427923,-0.5233330598452482,-0.4333219297265865,1.0,0.0,0.0,0.0,0.0,0.0,1.0,1.0,0.0,0.0,0.0,1.0,0.0,1.0,0.0,0.0,0.0,0.0,0.0,1.0,0.0
0.08,-0.4117647058823529,-0.5229763700351933,-0.6524718035206072,-0.06666666666666667,1.0,0.8229927007299273,0.881121611592428,-0.47156190266628684,-0.2976187824271639,-0.38004017968179243,1.0,0.0,1.0,0.0,0.0,0.0,0.0,0.0,1.0,0.0,0.0,1.0,0.0,0.0,1.0,0.0,0.0,0.0,1.0,0.0,0.0
-1.04,0.8235294117647058,0.8576168929110106,0.829977864446084,-0.5333333333333333,0.0,-0.7682481751824817,-0.3427324159999173,2.029131634227923,0.06937114948010578,1.9791790529787125,0.0,1.0,0.0,0.0,1.0,0.0,0.0,0.0,1.0,0.0,0.0,1.0,0.0,0.0,0.0,0.0,1.0,0.0,0.0,0.0,1.0
-0.28,-0.5294117647058824,0.0011060834590247725,-0.18657109729102983,-0.3333333333333333,3.0,-0.9105839416058393,3.040864013225979,-0.3581035853132638,-0.15296226678495434,0.19745502966669326,0.0,1.0,0.0,1.0,0.0,0.0,0.0,0.0,0.0,1.0,0.0,0.0,1.0,0.0,1.0,0.0,0.0,0.0,1.0,0.0,0.0
-0.88,-0.3235294117647059,-0.5064856711915532,-0.89617371139454,-0.9333333333333333,0.0,-0.08211678832116776,0.05502014296759493,-0.41190436285603527,-0.6391386440146517,1.5024171528653452,0.0,1.0,0.0,1.0,0.0,0.0,0.0,1.0,0.0,0.0,0.0,0.0,1.0,0.0,1.0,0.0,0.0,0.0,1.0,0.0,0.0
-0.64,0.4117647058823529,0.44575163398692813,0.6980078001475705,0.0,2.0,-0.4981751824817518,0.35661274262428005,0.980475059919737,0.21690512366008857,0.46314564196288055,0.0,1.0,0.0,0.0,0.0,0.0,1.0,0.0,0.0,1.0,1.0,0.0,0.0,1.0,0.0,0.0,0.0,0.0,0.0,0.0,1.0
0.8,1.0294117647058822,-0.5656108597285064,0.0056919995783702585,-0.4,0.0,-0.8704379562043796,-0.3672094965517642,0.3096043292331201,0.6915235199231797,0.5029272309313475,0.0,1.0,0.0,0.0,0.0,1.0,0.0,0.0,1.0,0.0,1.0,0.0,0.0,0.0,0.0,1.0,0.0,0.0,0.0,0.0,1.0
-0.88,0.8529411764705882,-0.23499245852187,0.5487509223147464,-0.13333333333333333,1.0,-0.0273722627737225,-0.10561069815390037,0.6444515506127702,0.767465326601323,0.532559183730693,1.0,0.0,0.0,1.0,0.0,0.0,0.0,0.0,1.0,0.0,0.0,1.0,0.0,0.0,1.0,0.0,0.0,0.0,0.0,0.0,1.0
-0.08,-0.29411764705882354,-0.8594268476621413,-0.837145567618847,0.5333333333333333,0.0,-0.698905109489051,0.029319208388155726,-0.5748325794739814,-0.2864157366339945,-0.5842966300812482,0.0,1.0,1.0,0.0,0.0,0.0,0.0,0.0,0.0,1.0,1.0,0.0,0.0,0.0,0.0,1.0,0.0,0.0,0.0,1.0,0.0
0.44,-0.9705882352941176,-0.16420311714429328,-0.02845999789185201,0.3333333333333333,1.0,0.17335766423357665,14.833057526145165,-0.783455057883854,0.10933425122480217,-0.1777924585839433,1.0,0.0,0.0,1.0,0.0,0.0,0.0,0.0,0.0,1.0,0.0,1.0,0.0,0.0,0.0,1.0,0.0,1.0,0.0,0.0,0.0
0.96,0.3235294117647059,0.3924585218702868,-0.788658163803099,0.06666666666666667,0.0,0.05656934306569359,-0.2522736400474396,0.8193400654567219,-0.7271175493814019,-0.5024129246744832,1.0,0.0,1.0,0.0,0.0,0.0,0.0,0.0,1.0,0.0,0.0,0.0,1.0,1.0,0.0,0.0,0.0,0.0,0.0,1.0,0.0
0.84,0.058823529411764705,-0.2824534942181998,-0.10983451038262891,-0.26666666666666666,0.0,0.009124087591240877,-0.17073130941937142,-0.014553478429408748,0.13806544386691166,0.18243261145482456,0.0,1.0,0.0,0.0,0.0,1.0,0.0,0.0,0.0,1.0,0.0,1.0,0.0,0.0,0.0,1.0,0.0,0.0,0.0,1.0,0.0
-0.32,-0.9411764705882353,-0.6054298642533934,-0.2595130178138506,-0.7333333333333333,1.0,-0.052919708029196925,9.692870610257312,-0.7860009397964735,0.37298499368075755,1.3758495974651033,0.0,1.0,0.0,0.0,0.0,1.0,0.0,1.0,0.0,0.0,1.0,0.0,0.0,0.0,0.0,0.0,1.0,1.0,0.0,0.0,0.0
-0.4,0.7941176470588235,-0.6229260935143285,0.49140929693264473,-0.5333333333333333,0.0,0.04197080291970824,-0.33878449978187747,0.10640264623654715,1.577317793402536,1.5145676381837685,1.0,0.0,0.0,0.0,0.0,0.0,1.0,1.0,0.0,0.0,0.0,1.0,0.0,0.0,1.0,0.0,0.0,0.0,0.0,0.0,1.0
0.6,-0.47058823529411764,0.8656611362493717,-0.2291556867292085,-0.2,-1.0,-0.01642335766423342,-0.5875032215183863,0.033653762116331296,-0.483939342123031,0.012970160915300857,0.0,1.0,0.0,1.0,0.0,0.0,0.0,0.0,0.0,1.0,1.0,0.0,0.0,0.0,1.0,0.0,0.0,0.0,1.0,0.0,0.0
-0.2,-0.35294117647058826,-0.37496229260935116,0.29408664488247077,0.0,1.0,-0.47627737226277367,0.7534151043654007,-0.3675632434700082,0.7125439365089838,0.2044753100728933,1.0,0.0,0.0,1.0,0.0,0.0,0.0,0.0,1.0,0.0,0.0,1.0,0.0,0.0,1.0,0.0,0.0,0.0,1.0,0.0,0.0
0.76,0.4411764705882353,0.02342885872297649,-0.587540845367345,0.6,3.0,-0.43613138686131375,0.6461416382946977,0.5856207026675208,-0.500232962428734,-0.4894186556533917,0.0,1.0,1.0,0.0,0.0,0.0,0.0,0.0,0.0,1.0,1.0,0.0,0.0,0.0,0.0,0.0,1.0,0.0,0.0,0.0,1.0
0.08,0.38235294117647056,0.9201608848667673,-0.5538104774955204,0.06666666666666667,0.0,-0.5492700729927007,-0.2662415392753957,1.409186767583397,-0.6595042167325106,-0.361416667958614,1.0,0.0,0.0,0.0,0.0,1.0,0.0,0.0,1.0,0.0,1.0,0.0,0.0,0.0,1.0,0.0,0.0,0.0,0.0,1.0,0.0
0.16,-0.14705882352941177,-0.7669180492709902,-0.6680720986613261,0.6666666666666666,2.0,0.7901459854014601,0.9545528532479689,-0.46654005805351084,-0.06134171539787508,-0.528981985904102,1.0,0.0,0.0,0.0,0.0,1.0,0.0,0.0,1.0,0.0,0.0,1.0,0.0,0.0,0.0,0.0,1.0,0.0,0.0,1.0,0.0
-0.52,0.2647058823529412,0.8572146807440927,0.839253715610836,-0.5333333333333333,-1.0,0.352189781021898,-0.5875032215183863,1.1657362955773019,0.07438764886525609,1.9919081328361083,1.0,0.0,0.0,0.0,0.0,0.0,1.0,1.0,0.0,0.0,1.0,0.0,0.0,0.0,0.0,0.0,1.0,0.0,0.0,1.0,0.0
0.48,-0.2647058823529412,0.3918552036199097,-0.8164857172973543,-0.6666666666666666,0.0,-0.25729927007299264,0.005595268776365666,0.10082556081891869,-0.7453803445811702,-0.1103572650666945,0.0,1.0,0.0,0.0,0.0,1.0,0.0,0.0,1.0,0.0,0.0,0.0,1.0,0.0,0.0,1.0,0.0,0.0,0.0,1.0,0.0
0.88,-0.9117647058823529,0.16943187531422846,0.94423948561189,-0.3333333333333333,-1.0,-0.6222627737226276,-0.5875032215183863,-0.7071115036640752,0.6129612258129672,1.2837084171337274,0.0,1.0,0.0,0.0,1.0,0.0,0.0,0.0,1.0,0.0,1.0,0.0,0.0,1.0,0.0,0.0,0.0,1.0,0.0,0.0,0.0
0.04,0.9411764705882353,0.7942684766214181,-0.50195003689259,0.9333333333333333,1.0,-0.114963503649635,-0.12718797531947437,2.124020231329771,-0.614790331519057,-0.49822310215088894,1.0,0.0,1.0,0.0,0.0,0.0,0.0,1.0,0.0,0.0,0.0,1.0,0.0,1.0,0.0,0.0,0.0,0.0,0.0,0.0,1.0
0.44,-0.14705882352941177,-0.39487179487179463,-0.15199747022240967,-0.2,-1.0,0.3594890510948906,-0.5875032215183863,-0.23827439383641574,0.2139239777353055,0.07473512795061889,1.0,0.0,1.0,0.0,0.0,0.0,0.0,0.0,1.0,0.0,0.0,0.0,1.0,0.0,1.0,0.0,0.0,0.0,0.0,1.0,0.0
-0.96,0.7941176470588235,0.9889391654097537,-0.07441762411721306,-0.6,-1.0,0.6624087591240878,-0.5875032215183863,2.150223484423954,-0.43223654562955804,0.9785962302488783,0.0,1.0,0.0,1.0,0.0,0.0,0.0,0.0,0.0,1.0,0.0,1.0,0.0,0.0,1.0,0.0,0.0,0.0,0.0,0.0,1.0
-0.12,-0.4117647058823529,0.9762694821518353,-0.8177506060925478,0.4,3.0,-0.060218978102189735,2.3497464447032423,0.1723323506942053,-0.7969503618528153,-0.5639368106518959,0.0,1.0,0.0,1.0,0.0,0.0,0.0,0.0,0.0,1.0,0.0,1.0,0.0,0.0,1.0,0.0,0.0,0.0,1.0,0.0,0.0
0.12,-0.3235294117647059,0.6766214177978884,-0.14651628544323814,-0.06666666666666667,-1.0,0.6733576642335768,-0.5875032215183863,0.16880348691225458,-0.39395376246128166,-0.03288345629827223,1.0,0.0,0.0,0.0,1.0,0.0,0.0,0.0,1.0,0.0,0.0,1.0,0.0,1.0,0.0,0.0,0.0,0.0,1.0,0.0,0.0
0.96,0.7058823529411765,-0.12840623428858702,0.808474754927796,-0.4,2.0,0.3959854014598541,0.19659308768484512,0.6576745075579584,0.8625687234444074,1.3597614548675616,0.0,1.0,0.0,0.0,0.0,0.0,1.0,0.0,1.0,0.0,1.0,0.0,0.0,0.0,1.0,0.0,0.0,0.0,0.0,0.0,1.0
-0.4,-0.8235294117647058,-0.07269984917043701,-0.5744703278170128,0.13333333333333333,0.0,-0.052919708029196925,1.6154340281478352,-0.6477295278088244,-0.45507058709023623,-0.3932968016188395,1.0,0.0,0.0,0.0,0.0,1.0,0.0,1.0,0.0,0.0,1.0,0.0,0.0,0.0,0.0,1.0,0.0,1.0,0.0,0.0,0.0
-0.12,-0.47058823529411764,0.19034690799396714,-0.883103193844208,0.4666666666666667,1.0,-0.501824817518248,1.0357136992883031,-0.2287571551517606,-0.7685258952767757,-0.5988804141722675,0.0,1.0,1.0,0.0,0.0,0.0,0.0,1.0,0.0,0.0,1.0,0.0,0.0,0.0,1.0,0.0,0.0,0.0,1.0,0.0,0.0
-0.88,0.6470588235294118,0.091402714932127,-0.7675766838832087,-0.06666666666666667,0.0,0.9361313868613141,-0.31696706805060476,0.8633973950980466,-0.6643695271658488,-0.4590183342515432,1.0,0.0,0.0,0.0,0.0,1.0,0.0,1.0,0.0,0.0,0.0,1.0,0.0,1.0,0.0,0.0,0.0,0.0,0.0,0.0,1.0
0.04,-0.7647058823529411,-0.16098541980894895,0.10983451038262891,-0.8666666666666667,0.0,0.436131386861314,1.125892417110897,-0.6111864570598353,0.2395454074236375,5.230591064734865,0.0,1.0,0.0,0.0,0.0,1.0,0.0,0.0,1.0,0.0,0.0,1.0,0.0,0.0,0.0,1.0,0.0,1.0,0.0,0.0,0.0
0.32,-0.47058823529411764,-0.35806938159879304,0.035206071466216786,-0.4666666666666667,0.0,-0.3375912408759123,0.22410523888495842,-0.4418585760541092,0.3867425674526327,0.6893471769741923,0.0,1.0,0.0,0.0,1.0,0.0,0.0,1.0,0.0,0.0,0.0,0.0,1.0,1.0,0.0,0.0,0.0,0.0,1.0,0.0,0.0
0.6,0.8235294117647058,-0.1519356460532928,0.45135448508485304,-0.2,-1.0,0.3558394160583942,-0.5875032215183863,0.7283875087270492,0.5567642391423228,0.5577169193579412,0.0,1.0,0.0,0.0,1.0,0.0,0.0,0.0,1.0,0.0,1.0,0.0,0.0,0.0,1.0,0.0,0.0,0.0,0.0,0.0,1.0
0.52,-0.35294117647058826,-0.8819507290095522,-0.2561399810266681,-0.06666666666666667,0.0,-0.8375912408759123,0.08295594142350718,-0.6060412256015366,1.1405667146929632,-0.10810074636470167,0.0,1.0,0.0,0.0,0.0,1.0,0.0,0.0,0.0,1.0,0.0,1.0,0.0,0.0,0.0,0.0,1.0,0.0,1.0,0.0,0.0
-1.04,-0.7352941176470589,0.6752136752136755,0.7570359439232636,-0.5333333333333333,1.0,-0.6733576642335766,2.496608928014324,-0.41558129085261336,0.1191297770138516,1.8790821977364645,0.0,1.0,0.0,0.0,0.0,1.0,0.0,1.0,0.0,0.0,0.0,0.0,1.0,0.0,0.0,1.0,0.0,1.0,0.0,0.0,0.0
-0.6,-0.6764705882352942,0.296329813976873,0.48803626014546225,0.2,1.0,0.4981751824817521,1.9825902364255386,-0.42518078743428356,0.17555745908700973,0.15641339036890814,0.0,1.0,0.0,0.0,1.0,0.0,0.0,0.0,1.0,0.0,0.0,0.0,1.0,0.0,0.0,1.0,0.0,1.0,0.0,0.0,0.0
1.0,0.14705882352941177,0.04736048265460066,-0.5841678085801624,0.3333333333333333,1.0,-0.5930656934306568,0.18352481586479127,0.32157285324882723,-0.505085608442672,-0.44469811941197296,0.0,1.0,0.0,0.0,1.0,0.0,0.0,1.0,0.0,0.0,0.0,0.0,1.0,0.0,1.0,0.0,0.0,0.0,0.0,1.0,0.0
0.28,-0.058823529411764705,0.459024635495224,-0.1545272478127965,0.5333333333333333,-1.0,0.27919708029197104,-0.5875032215183863,0.39743931166591795,-0.33272638232827195,-0.2992004600736082,0.0,1.0,1.0,0.0,0.0,0.0,0.0,1.0,0.0,0.0,1.0,0.0,0.0,0.0,0.0,0.0,1.0,0.0,0.0,1.0,0.0
0.44,0.058823529411764705,-0.4493715434891902,-0.4610519658480027,0.4666666666666667,2.0,0.6770072992700732,0.6628125147786584,-0.14086047929620132,-0.10784525047122956,-0.4145980535095155,0.0,1.0,0.0,0.0,1.0,0.0,0.0,1.0,0.0,0.0,0.0,1.0,0.0,1.0,0.0,0.0,0.0,0.0,0.0,1.0,0.0
-0.36,-0.7647058823529411,-0.529411764705882,-0.6440392115526511,-0.13333333333333333,-1.0,0.3375912408759124,-0.5875032215183863,-0.6789998673591411,-0.2808936232746137,-0.3488183282133899,1.0,0.0,1.0,0.0,0.0,0.0,0.0,0.0,0.0,1.0,1.0,0.0,0.0,0.0,0.0,1.0,0.0,1.0,0.0,0.0,0.0
0.24,0.8235294117647058,-0.856611362493715,0.8535891219563614,0.4666666666666667,0.0,-0.5346715328467153,-0.3427324159999173,-0.1795422553675848,3.569076161664889,0.15942032865478056,0.0,1.0,1.0,0.0,0.0,0.0,0.0,1.0,0.0,0.0,1.0,0.0,0.0,0.0,1.0,0.0,0.0,0.0,0.0,0.0,1.0
-0.36,-0.5294117647058824,-0.15032679738562063,0.8780436386634343,0.6666666666666666,1.0,0.42518248175182505,1.2266803958537962,-0.4107527522978229,0.9616499959629479,0.06509574293133649,0.0,1.0,0.0,0.0,1.0,0.0,0.0,1.0,0.0,0.0,0.0,0.0,1.0,0.0,0.0,0.0,1.0,0.0,1.0,0.0,0.0
0.84,0.4117647058823529,-0.11734539969834058,-0.14525139664804476,0.4666666666666667,0.0,0.6770072992700732,-0.27279790013749755,0.41618588639567505,-0.038899267016399834,-0.2767084549716522,0.0,1.0,0.0,1.0,0.0,0.0,0.0,0.0,1.0,0.0,0.0,1.0,0.0,0.0,0.0,1.0,0.0,0.0,0.0,0.0,1.0
-0.44,-0.47058823529411764,0.9764705882352941,-0.3408875303046275,-0.26666666666666666,5.0,0.5419708029197081,4.282147540901683,0.07671165830892174,-0.5612161014350391,-0.019339084135960808,1.0,0.0,0.0,0.0,0.0,0.0,1.0,1.0,0.0,0.0,0.0,1.0,0.0,0.0,0.0,0.0,1.0,0.0,1.0,0.0,0.0
0.76,-0.14705882352941177,1.0108597285067875,-0.05713081058290297,-0.6,1.0,0.3594890510948906,0.44053416165918374,0.6241996563676355,-0.42858837906281316,1.0062723356963976,0.0,1.0,0.0,1.0,0.0,0.0,0.0,1.0,0.0,0.0,1.0,0.0,0.0,1.0,0.0,0.0,0.0,0.0,0.0,1.0,0.0
-0.12,0.4411764705882353,0.29371543489190577,0.020027405923895857,0.7333333333333333,0.0,0.7864963503649637,-0.2790920065651153,0.8620072366384901,-0.14936576344913116,-0.2815233326036614,1.0,0.0,0.0,0.0,0.0,1.0,0.0,0.0,1.0,0.0,0.0,1.0,0.0,0.0,0.0,0.0,1.0,0.0,0.0,0.0,1.0
-0.04,-0.9411764705882353,0.369532428355958,0.9231580056919996,-0.9333333333333333,1.0,-0.16605839416058385,9.692870610257312,-0.7261829970870423,0.41849159474145553,18.978865202530717,0.0,1.0,0.0,1.0,0.0,0.0,0.0,0.0,0.0,1.0,0.0,1.0,0.0,0.0,0.0,1.0,0.0,1.0,0.0,0.0,0.0
0.24,-0.8529411764705882,-0.2478632478632476,0.11025613998102658,-0.7333333333333333,1.0,-0.020072992700729823,4.552683694369464,-0.6956200754510561,0.33257248716463245,2.2638475661531987,1.0,0.0,0.0,0.0,1.0,0.0,0.0,0.0,1.0,0.0,1.0,0.0,0.0,1.0,0.0,0.0,0.0,1.0,0.0,0.0,0.0
0.84,0.17647058823529413,0.19919557566616417,0.6124169916728155,-0.4666666666666667,0.0,0.41788321167883224,-0.21139198377049484,0.4777394707321264,0.33756025325375505,1.382431110345916,1.0,0.0,0.0,0.0,0.0,1.0,0.0,0.0,1.0,0.0,1.0,0.0,0.0,0.0,1.0,0.0,0.0,0.0,0.0,1.0,0.0
-0.44,0.38235294117647056,-0.8216189039718448,-0.44503004110888594,0.6666666666666666,1.0,0.05656934306569359,0.05502014296759493,-0.30065878293272014,0.5045357111648577,-0.44328056279149025,1.0,0.0,0.0,1.0,0.0,0.0,0.0,0.0,1.0,0.0,0.0,1.0,0.0,1.0,0.0,0.0,0.0,0.0,0.0,1.0,0.0
-0.16,-0.29411764705882354,-0.4897938662644542,0.8637082323179086,0.3333333333333333,-1.0,-0.7536496350364963,-0.5875032215183863,-0.38584506108162964,1.6852420672137869,0.2507146569791149,0.0,1.0,1.0,0.0,0.0,0.0,0.0,1.0,0.0,0.0,0.0,1.0,0.0,0.0,1.0,0.0,0.0,0.0,0.0,1.0,0.0
0.8,0.7941176470588235,0.1334338863750632,0.4298513755665648,-0.13333333333333333,0.0,-0.12226277372262767,-0.33878449978187747,1.065455693326109,0.25301040758954924,0.44470182835132527,1.0,0.0,0.0,1.0,0.0,0.0,0.0,1.0,0.0,0.0,1.0,0.0,0.0,0.0,1.0,0.0,0.0,0.0,0.0,0.0,1.0
-0.08,0.5882352941176471,0.5072900955253897,0.608622325287235,-0.13333333333333333,-1.0,-0.7244525547445255,-0.5875032215183863,1.2716926927225412,0.12326770652794973,0.5767994123259775,1.0,0.0,1.0,0.0,0.0,0.0,0.0,0.0,1.0,0.0,0.0,0.0,1.0,0.0,0.0,1.0,0.0,0.0,0.0,0.0,1.0
-1.0,0.058823529411764705,-0.7900452488687778,-0.6638558026773481,-0.8,-1.0,-0.9397810218978101,-0.5875032215183863,-0.39864850275204067,-0.017016458494047804,0.7747380876842221,0.0,1.0,0.0,0.0,1.0,0.0,0.0,1.0,0.0,0.0,0.0,1.0,0.0,0.0,0.0,0.0,1.0,0.0,0.0,1.0,0.0
-0.24,0.0,-0.3011563599798891,-0.23337198271318657,-0.6,-1.0,0.958029197080292,-0.5875032215183863,-0.0721545708142811,0.02268103773477027,0.7241110655241255,0.0,1.0,0.0,0.0,0.0,0.0,1.0,0.0,1.0,0.0,1.0,0.0,0.0,0.0,1.0,0.0,0.0,0.0,0.0,1.0,0.0
0.92,1.0294117647058822,0.9851181498240322,0.4509328554864551,-0.5333333333333333,2.0,-0.25364963503649623,0.07337795338148015,2.529621582827019,-0.1726334181916408,1.4590225624424051,1.0,0.0,1.0,0.0,0.0,0.0,0.0,1.0,0.0,0.0,0.0,1.0,0.0,0.0,1.0,0.0,0.0,0.0,0.0,0.0,1.0
0.68,1.0294117647058822,-0.017797888386123496,0.7039106145251397,0.2,1.0,0.6368613138686132,-0.14691577158514202,1.093851119375745,0.6237403800523844,0.2716179919065504,1.0,0.0,0.0,0.0,0.0,1.0,0.0,0.0,1.0,0.0,0.0,1.0,0.0,1.0,0.0,0.0,0.0,0.0,0.0,0.0,1.0
0.36,0.058823529411764705,-0.5366515837104069,-0.3480552334773902,0.13333333333333333,0.0,0.8229927007299273,-0.17073130941937142,-0.2069053448096809,0.13909330028575348,-0.26535933856014815,0.0,1.0,0.0,0.0,1.0,0.0,0.0,1.0,0.0,0.0,0.0,1.0,0.0,0.0,1.0,0.0,0.0,0.0,0.0,1.0,0.0
-0.56,-0.4117647058823529,0.5519356460532931,-0.7477600927585119,0.7333333333333333,0.0,0.9178832116788324,0.14680919503702083,-0.00991002014290245,-0.7209197076570636,-0.5651904321530031,0.0,1.0,1.0,0.0,0.0,0.0,0.0,1.0,0.0,0.0,1.0,0.0,0.0,1.0,0.0,0.0,0.0,0.0,1.0,0.0,0.0
-0.52,0.5,0.688084464555053,-0.1275429535153368,-0.4,1.0,-0.8631386861313869,0.005595268776365666,1.3491878575005325,-0.38635861663160453,0.36072155090832064,1.0,0.0,0.0,1.0,0.0,0.0,0.0,0.0,0.0,1.0,0.0,1.0,0.0,0.0,0.0,1.0,0.0,0.0,0.0,0.0,1.0
0.88,-0.5588235294117647,0.6504776269482153,-0.5398967007483926,-0.8666666666666667,0.0,0.7791970802919709,0.3762818252105856,-0.17352097730607435,-0.6127003239075868,2.109941418786505,0.0,1.0,0.0,1.0,0.0,0.0,0.0,0.0,1.0,0.0,0.0,1.0,0.0,1.0,0.0,0.0,0.0,0.0,1.0,0.0,0.0
-0.96,-0.29411764705882354,-0.8694821518350926,-0.18741435648782553,0.3333333333333333,1.0,0.9397810218978103,0.6461416382946977,-0.5799736980374294,1.2487656254447113,-0.25413800800136915,0.0,1.0,0.0,0.0,0.0,1.0,0.0,0.0,0.0,1.0,0.0,1.0,0.0,0.0,0.0,0.0,1.0,0.0,0.0,1.0,0.0
0.76,-0.4411764705882353,0.10789341377576687,-0.4454516707072837,-0.13333333333333333,3.0,0.9069343065693432,2.496608928014324,-0.2307066673110202,-0.41430135658335976,-0.20207785167550968,0.0,1.0,0.0,1.0,0.0,0.0,0.0,0.0,1.0,0.0,0.0,0.0,1.0,0.0,1.0,0.0,0.0,0.0,1.0,0.0,0.0
0.04,0.9705882352941176,0.7679235796882857,-0.42521344998418903,-0.7333333333333333,-1.0,-0.049270072992700656,-0.5875032215183863,2.131509812853003,-0.569006716280533,0.9779212032867434,1.0,0.0,0.0,0.0,0.0,0.0,1.0,1.0,0.0,0.0,0.0,1.0,0.0,0.0,1.0,0.0,0.0,0.0,0.0,0.0,1.0
-0.84,-0.5882352941176471,0.42242332830568136,-0.4062401180562877,-0.13333333333333333,0.0,-0.6624087591240876,0.44053416165918374,-0.28466784775297127,-0.48313538740773027,-0.17310361745465438,0.0,1.0,0.0,0.0,0.0,0.0,1.0,0.0,1.0,0.0,0.0,1.0,0.0,0.0,0.0,1.0,0.0,0.0,1.0,0.0,0.0
-0.96,0.29411764705882354,-0.8801407742584209,-0.7814904606303364,-0.5333333333333333,0.0,-0.3156934306569343,-0.24482409379252962,-0.38775755718723226,-0.12478059072947251,-0.23220927497431004,0.0,1.0,0.0,0.0,0.0,1.0,0.0,1.0,0.0,0.0,0.0,1.0,0.0,0.0,1.0,0.0,0.0,0.0,0.0,1.0,0.0
-1.04,0.7058823529411765,-0.2361990950226242,0.6815642458100558,0.8666666666666667,-1.0,-0.9543795620437956,-0.5875032215183863,0.5276083207975727,0.905599880322139,-0.08481231617105722,0.0,1.0,0.0,0.0,0.0,1.0,0.0,0.0,1.0,0.0,1.0,0.0,0.0,0.0,0.0,0.0,1.0,0.0,0.0,0.0,1.0
0.84,-0.6764705882352942,-0.8600301659125185,0.08285021608516908,-0.6666666666666666,-1.0,-0.1843065693430656,-0.5875032215183863,-0.708970532136618,1.8285712380362678,1.6174417472130846,1.0,0.0,0.0,0.0,0.0,1.0,0.0,0.0,0.0,1.0,1.0,0.0,0.0,1.0,0.0,0.0,0.0,1.0,0.0,0.0,0.0
0.48,-0.47058823529411764,-0.09824032176973334,0.830399494044482,0.9333333333333333,1.0,-0.41058394160583933,1.0357136992883031,-0.34089523325769033,0.8394127621788682,-0.05689512966563247,1.0,0.0,0.0,0.0,1.0,0.0,0.0,1.0,0.0,0.0,0.0,1.0,0.0,0.0,1.0,0.0,0.0,0.0,1.0,0.0,0.0
-0.16,-0.6470588235294118,-0.3711412770236296,-0.7001159481395595,0.9333333333333333,0.0,-0.1843065693430656,0.5986937590711177,-0.5686961403566496,-0.4528872614841644,-0.5638636550205316,1.0,0.0,1.0,0.0,0.0,0.0,0.0,0.0,0.0,1.0,1.0,0.0,0.0,1.0,0.0,0.0,0.0,0.0,1.0,0.0,0.0
0.12,0.029411764705882353,1.049069884364002,0.8801517866554233,0.26666666666666666,1.0,-0.5054744525547444,0.2691945977962554,0.9436728767951501,0.012584998254340639,0.3093247611598248,0.0,1.0,0.0,0.0,0.0,0.0,1.0,0.0,0.0,1.0,1.0,0.0,0.0,0.0,0.0,0.0,1.0,0.0,0.0,1.0,0.0
-0.2,0.9411764705882353,0.46546003016591264,0.9231580056919996,-0.6,1.0,0.4324817518248176,-0.12718797531947437,1.6734731649034347,0.34674616826895455,2.5757100226593943,1.0,0.0,0.0,0.0,1.0,0.0,0.0,0.0,1.0,0.0,0.0,1.0,0.0,1.0,0.0,0.0,0.0,0.0,0.0,0.0,1.0
-1.0,0.4117647058823529,-0.8769230769230766,-0.5179719616317067,0.9333333333333333,1.0,-0.0273722627737225,0.04190742124339121,-0.34499990231874716,0.4963718729141043,-0.503530210680775,0.0,1.0,0.0,0.0,1.0,0.0,0.0,0.0,0.0,1.0,1.0,0.0,0.0,0.0,0.0,0.0,1.0,0.0,0.0,0.0,1.0
-0.12,-0.11764705882352941,0.44997486173956786,-0.04321703383577528,0.06666666666666667,-1.0,-0.6733576642335766,-0.5875032215183863,0.31715971707396334,-0.2586435767249968,-0.05487004877922857,0.0,1.0,0.0,0.0,0.0,1.0,0.0,0.0,1.0,0.0,0.0,1.0,0.0,1.0,0.0,0.0,0.0,0.0,0.0,1.0,0.0
-0.04,0.029411764705882353,-0.2466566113624934,0.7427005375777379,-0.5333333333333333,1.0,0.5200729927007299,0.2691945977962554,-0.01030485804857528,0.9862973497057417,1.859409983411398,0.0,1.0,0.0,0.0,1.0,0.0,0.0,1.0,0.0,0.0,0.0,1.0,0.0,0.0,0.0,0.0,1.0,0.0,0.0,1.0,0.0
-1.04,-1.0,0.1764705882352942,-0.3531147886581638,0.8,0.0,0.48357664233576647,14.833057526145165,-0.8010130060017419,-0.368764418457486,-0.42996003073870037,0.0,1.0,0.0,0.0,0.0,1.0,0.0,0.0,0.0,1.0,1.0,0.0,0.0,0.0,0.0,1.0,0.0,1.0,0.0,0.0,0.0
-0.68,0.23529411764705882,-0.800100553041729,-0.16970591335511753,-0.06666666666666667,1.0,0.3010948905109489,0.12973216209387184,-0.337136047364097,1.01439028592329,-0.04879480612001703,1.0,0.0,0.0,0.0,0.0,0.0,1.0,0.0,1.0,0.0,0.0,1.0,0.0,1.0,0.0,0.0,0.0,0.0,0.0,1.0,0.0
0.8,-0.6470588235294118,-0.5666163901458016,0.4989986297038051,-0.2,-1.0,-0.6405109489051094,-0.5875032215183863,-0.6206666796908337,1.409773963663863,0.5958559427185474,0.0,1.0,0.0,0.0,0.0,0.0,1.0,0.0,0.0,1.0,0.0,0.0,1.0,0.0,1.0,0.0,0.0,0.0,1.0,0.0,0.0
0.8,0.9705882352941176,-0.6713926596279535,0.69421313376199,-0.5333333333333333,1.0,0.8266423357664237,-0.1339573171753407,0.12986259846527326,2.0932877272073394,1.7928716114295569,1.0,0.0,0.0,0.0,1.0,0.0,0.0,0.0,1.0,0.0,1.0,0.0,0.0,1.0,0.0,0.0,0.0,0.0,0.0,0.0,1.0
-0.6,-0.6764705882352942,-0.5792860734037201,0.6166332876567936,-0.06666666666666667,0.0,-0.114963503649635,0.6975435074535762,-0.6400713175967121,1.621433203679084,0.49074460147187043,0.0,1.0,0.0,0.0,0.0,1.0,0.0,0.0,0.0,1.0,0.0,1.0,0.0,1.0,0.0,0.0,0.0,1.0,0.0,0.0,0.0
-0.64,-0.17647058823529413,-0.07109100050276485,0.8202803836829347,-0.7333333333333333,0.0,-0.7682481751824817,-0.05575974746102251,-0.06605103485575547,0.7927762774719523,3.9689656725052553,0.0,1.0,0.0,0.0,1.0,0.0,0.0,0.0,0.0,1.0,0.0,0.0,1.0,1.0,0.0,0.0,0.0,0.0,0.0,1.0,0.0
-0.6,0.6176470588235294,0.5044746103569634,0.8055233477390114,-0.7333333333333333,0.0,0.4981751824817521,-0.3121360653101086,1.306726331061302,0.24682420927674034,3.9335267569931878,0.0,1.0,0.0,1.0,0.0,0.0,0.0,0.0,0.0,1.0,0.0,1.0,0.0,0.0,0.0,0.0,1.0,0.0,0.0,0.0,1.0
0.88,-1.0,-0.17264957264957234,-0.3101085696215875,0.8666666666666667,2.0,-0.5237226277372262,45.67417902147226,-0.8081529914626585,-0.1567662260660739,-0.4250259050869069,0.0,1.0,0.0,1.0,0.0,0.0,0.0,0.0,1.0,0.0,0.0,1.0,0.0,1.0,0.0,0.0,0.0,1.0,0.0,0.0,0.0
-0.52,-0.5588235294117647,-0.5213675213675211,-0.6748181722356911,0.4,1.0,-0.6003649635036495,1.3400668719395576,-0.556974390031988,-0.32956294961396987,-0.49855562774799966,1.0,0.0,0.0,0.0,0.0,1.0,0.0,0.0,0.0,1.0,0.0,1.0,0.0,1.0,0.0,0.0,0.0,0.0,1.0,0.0,0.0
0.28,-0.9411764705882353,0.6945198592257417,0.19584694845578157,-0.2,-1.0,-0.17700729927007292,-0.5875032215183863,-0.7062436828505652,-0.20634041354988358,0.3531837498311506,0.0,1.0,0.0,1.0,0.0,0.0,0.0,1.0,0.0,0.0,1.0,0.0,0.0,0.0,0.0,1.0,0.0,1.0,0.0,0.0,0.0
-0.12,1.0588235294117647,0.3588738059326297,-0.7764309054495626,-0.2,1.0,-0.5565693430656933,-0.1531212286264553,1.6683155947605834,-0.7145718374348324,-0.4251223375100689,0.0,1.0,0.0,0.0,1.0,0.0,0.0,0.0,1.0,0.0,1.0,0.0,0.0,0.0,1.0,0.0,0.0,0.0,0.0,0.0,1.0
0.32,0.4117647058823529,-0.5686274509803917,-0.30209760725202917,-0.4666666666666667,2.0,0.5127737226277375,0.35661274262428005,-0.03605157981432317,0.24977362274633103,0.28433099969341913,0.0,1.0,1.0,0.0,0.0,0.0,0.0,0.0,1.0,0.0,1.0,0.0,0.0,0.0,0.0,0.0,1.0,0.0,0.0,0.0,1.0
-0.84,0.35294117647058826,-0.2657616892911008,0.8215452724781279,-0.26666666666666666,0.0,0.7864963503649637,-0.2594061843340555,0.2225590226116677,1.1030801620486839,0.9957787347395777,0.0,1.0,0.0,0.0,1.0,0.0,0.0,1.0,0.0,0.0,1.0,0.0,0.0,0.0,0.0,1.0,0.0,0.0,0.0,1.0,0.0
-0.44,-0.38235294117647056,-0.8632478632478627,-0.23548013070517562,0.06666666666666667,-1.0,0.20985401459854017,-0.5875032215183863,-0.6074725130096006,1.110198741404964,-0.17029965930424903,1.0,0.0,0.0,0.0,0.0,1.0,0.0,0.0,1.0,0.0,0.0,0.0,1.0,0.0,1.0,0.0,0.0,0.0,1.0,0.0,0.0
-0.8,1.0588235294117647,-0.14308697838109577,-0.4530410034784443,-0.9333333333333333,0.0,-0.10766423357664219,-0.3703122250724208,0.9394448208885705,-0.31145575795463615,5.7591371760862735,0.0,1.0,0.0,0.0,1.0,0.0,0.0,0.0,0.0,1.0,0.0,1.0,0.0,1.0,0.0,0.0,0.0,0.0,0.0,0.0,1.0
-0.16,-0.6764705882352942,0.19115133232780307,0.056287551386107165,0.5333333333333333,0.0,0.5784671532846716,0.6975435074535762,-0.4509933155176438,-0.06960475762448,-0.2111534650125705,1.0,0.0,0.0,0.0,0.0,0.0,1.0,1.0,0.0,0.0,0.0,1.0,0.0,0.0,0.0,1.0,0.0,1.0,0.0,0.0,0.0
-0.76,-0.058823529411764705,-0.0011060834590244867,-0.8594919363339308,0.8,2.0,-0.9908759124087592,0.8143659373601183,0.08689929885425027,-0.723066540334314,-0.6101172266328517,1.0,0.0,0.0,0.0,0.0,1.0,0.0,1.0,0.0,0.0,1.0,0.0,0.0,0.0,0.0,1.0,0.0,0.0,0.0,1.0,0.0
0.12,0.8823529411764706,-0.5406737053795875,-0.760408980710446,-0.06666666666666667,0.0,0.7500000000000002,-0.3502638254004855,0.26117499236543895,-0.43536129326925616,-0.45410028067027663,0.0,1.0,0.0,0.0,0.0,0.0,1.0,0.0,1.0,0.0,0.0,1.0,0.0,0.0,1.0,0.0,0.0,0.0,0.0,0.0,1.0
-0.92,0.5588235294117647,-0.4013071895424833,0.2671023505850109,-0.9333333333333333,1.0,-0.6514598540145985,-0.01637134197529188,0.23000336229154067,0.7256066757864348,12.676813484041881,0.0,1.0,0.0,1.0,0.0,0.0,0.0,0.0,0.0,1.0,1.0,0.0,0.0,0.0,0.0,1.0,0.0,0.0,0.0,0.0,1.0
0.28,0.29411764705882354,0.7852187028657619,-0.552123959101929,0.6666666666666666,1.0,0.6770072992700732,0.09785503393332708,1.1448921444736577,-0.6403936969813324,-0.4844302064032169,1.0,0.0,0.0,1.0,0.0,0.0,0.0,1.0,0.0,0.0,0.0,1.0,0.0,1.0,0.0,0.0,0.0,0.0,0.0,1.0,0.0
1.0,0.8235294117647058,0.5487179487179489,0.21102561399810274,0.26666666666666666,2.0,-0.44343065693430656,0.14680919503702083,1.631135025309727,-0.14050340092055547,-0.02897033007416863,0.0,1.0,0.0,0.0,1.0,0.0,0.0,0.0,0.0,1.0,1.0,0.0,0.0,0.0,0.0,1.0,0.0,0.0,0.0,0.0,1.0
-0.04,-0.7352941176470589,0.9209653092006035,0.07188784652682624,-0.9333333333333333,1.0,-0.7427007299270073,2.496608928014324,-0.3653217157763448,-0.34276305916477307,10.801588583231903,0.0,1.0,0.0,0.0,1.0,0.0,0.0,0.0,0.0,1.0,1.0,0.0,0.0,0.0,1.0,0.0,0.0,1.0,0.0,0.0,0.0
-0.72,-0.058823529411764705,-0.07993966817496202,0.012438073152735275,0.9333333333333333,1.0,0.2974452554744528,0.34707621773395014,0.03369489106483884,0.07668993452026625,-0.32783698619139123,1.0,0.0,0.0,0.0,0.0,1.0,0.0,1.0,0.0,0.0,0.0,1.0,0.0,0.0,1.0,0.0,0.0,0.0,0.0,1.0,0.0
-0.28,0.17647058823529413,0.6852689793866267,0.0056919995783702585,0.26666666666666666,0.0,0.8448905109489053,-0.21139198377049484,0.8853150117577384,-0.3103548616741195,-0.13278237130350373,1.0,0.0,0.0,0.0,0.0,0.0,1.0,0.0,0.0,1.0,0.0,0.0,1.0,0.0,0.0,0.0,1.0,0.0,0.0,1.0,0.0
-0.2,-0.7941176470588235,1.006435394670689,-0.16380309897754833,-0.6,0.0,-0.614963503649635,1.3400668719395576,-0.44477461850329697,-0.4796850788188386,0.8354905142763381,1.0,0.0,0.0,1.0,0.0,0.0,0.0,1.0,0.0,0.0,1.0,0.0,0.0,0.0,0.0,0.0,1.0,1.0,0.0,0.0,0.0
0.48,-0.5882352941176471,-0.6178984414278529,-0.7958258669758618,0.8,0.0,0.6441605839416061,0.44053416165918374,-0.6038079236975747,-0.4370749792954711,-0.5874663219034456,0.0,1.0,0.0,0.0,0.0,1.0,0.0,0.0,1.0,0.0,0.0,0.0,1.0,0.0,0.0,0.0,1.0,0.0,1.0,0.0,0.0
-1.0,0.4117647058823529,-0.5955756661639011,-0.27300516496258037,0.2,-1.0,0.41058394160583944,-0.5875032215183863,-0.06305684740440341,0.33568782576561074,-0.24972783184875624,1.0,0.0,0.0,0.0,0.0,0.0,1.0,1.0,0.0,0.0,1.0,0.0,0.0,1.0,0.0,0.0,0.0,0.0,0.0,0.0,1.0
-0.84,0.6470588235294118,-0.2705882352941173,0.5997681037208813,-0.3333333333333333,-1.0,-0.968978102189781,-0.5875032215183863,0.44141438341022754,0.8773889156706068,0.9528102002953356,1.0,0.0,0.0,0.0,0.0,1.0,0.0,0.0,0.0,1.0,1.0,0.0,0.0,1.0,0.0,0.0,0.0,0.0,0.0,0.0,1.0
0.12,0.8235294117647058,0.2913021618903974,0.7574575735216612,0.7333333333333333,0.0,0.9470802919708031,-0.3427324159999173,1.2994711845445641,0.36732167859300346,-0.009072065655941208,1.0,0.0,0.0,0.0,0.0,1.0,0.0,1.0,0.0,0.0,0.0,0.0,1.0,0.0,0.0,1.0,0.0,0.0,0.0,0.0,1.0
-0.08,-0.8235294117647058,0.019808949220714196,0.014967850743122216,0.5333333333333333,0.0,0.3448905109489052,1.6154340281478352,-0.6344860063893821,0.004814873058636374,-0.22841067604453386,1.0,0.0,0.0,0.0,0.0,0.0,1.0,0.0,0.0,1.0,0.0,1.0,0.0,0.0,0.0,0.0,1.0,1.0,0.0,0.0,0.0
-0.84,0.7352941176470589,-0.3049773755656105,0.5816380309897755,0.6666666666666666,2.0,-0.049270072992700656,0.18352481586479127,0.46626449409851023,0.916926312665248,-0.04879480612001703,0.0,1.0,0.0,0.0,1.0,0.0,0.0,0.0,1.0,0.0,1.0,0.0,0.0,0.0,0.0,1.0,0.0,0.0,0.0,0.0,1.0
-0.08,0.17647058823529413,0.3053795877325292,-0.3843153789396016,0.6,1.0,0.7609489051094891,0.16471925397739667,0.5667754184613458,-0.4352396291955445,-0.4080779067161698,0.0,1.0,0.0,0.0,0.0,1.0,0.0,1.0,0.0,0.0,1.0,0.0,0.0,0.0,0.0,0.0,1.0,0.0,0.0,1.0,0.0
0.2,-0.8529411764705882,0.016390145801910744,-0.7211974280594499,0.7333333333333333,0.0,0.023722627737226488,1.9825902364255386,-0.6631940124476763,-0.6099946978756301,-0.5553765786265843,0.0,1.0,1.0,0.0,0.0,0.0,0.0,1.0,0.0,0.0,0.0,0.0,1.0,0.0,0.0,1.0,0.0,1.0,0.0,0.0,0.0
0.68,-0.9117647058823529,-0.4835595776772244,-0.8147991989037631,0.7333333333333333,2.0,0.8521897810218979,10.977917339229275,-0.7605297819857262,-0.5402347355097279,-0.5899587291482504,0.0,1.0,0.0,0.0,0.0,0.0,1.0,0.0,1.0,0.0,1.0,0.0,0.0,1.0,0.0,0.0,0.0,1.0,0.0,0.0,0.0
0.64,0.35294117647058826,0.6585218702865764,0.04321703383577528,0.6666666666666666,1.0,0.0821167883211679,0.0686908528502754,1.1109936651137065,-0.28043357937590324,-0.25567706947503605,1.0,0.0,0.0,0.0,0.0,0.0,1.0,1.0,0.0,0.0,1.0,0.0,0.0,0.0,0.0,1.0,0.0,0.0,0.0,1.0,0.0
-0.88,0.8235294117647058,0.14469582704876835,-0.6929482449667969,0.7333333333333333,-1.0,0.9908759124087594,-0.5875032215183863,1.1105782627337797,-0.6171968667633169,-0.5449396232889644,1.0,0.0,0.0,0.0,0.0,1.0,0.0,1.0,0.0,0.0,1.0,0.0,0.0,0.0,0.0,1.0,0.0,0.0,0.0,0.0,1.0
0.8,0.08823529411764706,-0.32689793866264427,0.2527669442394856,0.5333333333333333,3.0,-0.8740875912408758,1.0357136992883031,-0.02698675956325161,0.5893657934336924,-0.12909366561568336,0.0,1.0,0.0,0.0,0.0,0.0,1.0,0.0,0.0,1.0,1.0,0.0,0.0,1.0,0.0,0.0,0.0,0.0,0.0,1.0,0.0
0.96,0.2647058823529412,0.6892911010558069,0.3139032360071677,-0.4,3.0,0.04197080291970824,0.8143659373601183,1.0146285387604355,-0.13791887757510815,0.8318903704782868,0.0,1.0,1.0,0.0,0.0,0.0,0.0,0.0,0.0,1.0,0.0,0.0,1.0,1.0,0.0,0.0,0.0,0.0,0.0,1.0,0.0
-0.6,0.5294117647058824,0.222121669180493,0.8569621587435439,-0.7333333333333333,0.0,0.38868613138686153,-0.29654924514737596,0.8860758973051289,0.4973674489288165,4.057056691063823,1.0,0.0,0.0,1.0,0.0,0.0,0.0,1.0,0.0,0.0,0.0,0.0,1.0,0.0,1.0,0.0,0.0,0.0,0.0,0.0,1.0
-0.76,0.7058823529411765,0.3279034690799397,-0.7448086855697271,-0.26666666666666666,0.0,-0.26094890510948904,-0.3261377851173092,1.2082718541238455,-0.6886450020840271,-0.3720713548950343,0.0,1.0,0.0,1.0,0.0,0.0,0.0,0.0,1.0,0.0,0.0,0.0,1.0,0.0,1.0,0.0,0.0,0.0,0.0,0.0,1.0
-0.36,-0.6470588235294118,-0.1513323278029157,0.09296932644671661,0.5333333333333333,4.0,-0.5857664233576642,5.343481681429134,-0.5102560174222226,0.21398129521185855,-0.1958332878719499,0.0,1.0,0.0,0.0,0.0,1.0,0.0,0.0,1.0,0.0,0.0,0.0,1.0,1.0,0.0,0.0,0.0,0.0,1.0,0.0,0.0
0.08,0.7941176470588235,-0.5179487179487177,-0.44713818910087494,0.0,0.0,-0.8594890510948905,-0.33878449978187747,0.2395123751864942,-0.020552220483571627,-0.27020364970017313,0.0,1.0,0.0,0.0,0.0,1.0,0.0,1.0,0.0,0.0,1.0,0.0,0.0,0.0,1.0,0.0,0.0,0.0,0.0,0.0,1.0
0.72,0.6470588235294118,0.20663650075414788,0.10140191841467276,0.7333333333333333,1.0,0.4726277372262775,-0.04643091458282317,0.9977286538186688,-0.045042306168392304,-0.251458670213204,0.0,1.0,0.0,0.0,1.0,0.0,0.0,1.0,0.0,0.0,1.0,0.0,0.0,0.0,1.0,0.0,0.0,0.0,0.0,0.0,1.0
-0.44,0.8529411764705882,0.1253896430367021,-0.07905554969958892,-0.6666666666666666,1.0,-0.27189781021897796,-0.10561069815390037,1.1161512352565575,-0.13590533147694267,1.306389323061451,1.0,0.0,0.0,0.0,0.0,0.0,1.0,1.0,0.0,0.0,1.0,0.0,0.0,1.0,0.0,0.0,0.0,0.0,0.0,0.0,1.0
0.44,-0.47058823529411764,-0.6904977375565607,0.5917571413513227,-0.26666666666666666,2.0,-0.3047445255474452,1.8473221596916478,-0.5710322646318805,2.0035451499295425,0.7951116287231943,0.0,1.0,1.0,0.0,0.0,0.0,0.0,0.0,0.0,1.0,1.0,0.0,0.0,1.0,0.0,0.0,0.0,0.0,1.0,0.0,0.0
0.32,0.0,-0.6243338360985417,-0.7431221671761358,0.2,-1.0,0.7974452554744527,-0.5875032215183863,-0.3034843416951913,-0.3501241143059352,-0.5006128527754575,1.0,0.0,0.0,1.0,0.0,0.0,0.0,0.0,0.0,1.0,0.0,0.0,1.0,0.0,1.0,0.0,0.0,0.0,0.0,1.0,0.0
0.2,-0.4411764705882353,-0.6090497737556558,0.3598608622325286,-0.6666666666666666,0.0,-0.6806569343065694,0.18352481586479127,-0.5239560701700992,1.3291155237816807,2.1496330041600205,0.0,1.0,0.0,0.0,0.0,1.0,0.0,0.0,1.0,0.0,0.0,0.0,1.0,0.0,1.0,0.0,0.0,0.0,1.0,0.0,0.0
0.4,0.8823529411764706,0.02926093514328833,0.9176768209128281,0.0,1.0,-0.15510948905109476,-0.11302442928258473,1.0188113528236569,0.7481426327042722,0.6038212608717358,0.0,1.0,0.0,0.0,1.0,0.0,0.0,0.0,0.0,1.0,1.0,0.0,0.0,0.0,0.0,0.0,1.0,0.0,0.0,0.0,1.0
-0.48,0.8235294117647058,0.6430367018602313,0.11868873194898273,-0.06666666666666667,0.0,0.22445255474452577,-0.3427324159999173,1.7526587294650875,-0.23175970911127985,0.14908452620858942,0.0,1.0,0.0,1.0,0.0,0.0,0.0,1.0,0.0,0.0,1.0,0.0,0.0,1.0,0.0,0.0,0.0,0.0,0.0,0.0,1.0
0.64,0.8529411764705882,0.6967320261437909,0.9796563718773057,-0.3333333333333333,2.0,0.18065693430656946,0.1353355635283426,1.8639742286008654,0.23297094895485043,1.3177297760253124,1.0,0.0,0.0,1.0,0.0,0.0,0.0,0.0,1.0,0.0,0.0,1.0,0.0,0.0,1.0,0.0,0.0,0.0,0.0,0.0,1.0
0.4,0.5588235294117647,-0.09079939668174933,-0.7292083904290082,0.0,-1.0,-0.05656934306569333,-0.5875032215183863,0.5729200833683787,-0.5886943130636699,-0.45084086476739804,0.0,1.0,0.0,1.0,0.0,0.0,0.0,0.0,0.0,1.0,1.0,0.0,0.0,1.0,0.0,0.0,0.0,0.0,0.0,0.0,1.0
-0.88,0.5,-0.2410256410256407,0.30547064403921154,-0.8666666666666667,3.0,-0.39598540145985395,0.5986937590711177,0.3611059985543176,0.5259590979470254,6.170228596026258,0.0,1.0,0.0,0.0,0.0,1.0,0.0,0.0,1.0,0.0,1.0,0.0,0.0,0.0,0.0,0.0,1.0,0.0,0.0,0.0,1.0
-0.4,1.0,-0.10145801910507767,-0.751554759144092,0.13333333333333333,1.0,0.0857664233576643,-0.14053044622379066,0.9482752061331491,-0.6061321760309278,-0.4933596218882071,1.0,0.0,0.0,1.0,0.0,0.0,0.0,1.0,0.0,0.0,0.0,1.0,0.0,0.0,0.0,1.0,0.0,0.0,0.0,0.0,1.0
-0.48,-0.3235294117647059,0.4568124685771747,0.7878149046063033,0.2,-1.0,0.352189781021898,-0.5875032215183863,0.06091402918715851,0.26689165246065,0.3163947803948136,1.0,0.0,0.0,0.0,0.0,1.0,0.0,1.0,0.0,0.0,1.0,0.0,0.0,0.0,0.0,1.0,0.0,0.0,1.0,0.0,0.0
-0.36,0.6764705882352942,0.6997486173956764,0.2215663539580479,-0.8,1.0,-0.01277372262773702,-0.05575974746102251,1.614757478014007,-0.19380308998391396,3.6098513286496363,1.0,0.0,0.0,1.0,0.0,0.0,0.0,0.0,0.0,1.0,1.0,0.0,0.0,0.0,1.0,0.0,0.0,0.0,0.0,0.0,1.0
0.32,0.47058823529411764,-0.004725992961286781,0.31980605038473686,-0.06666666666666667,-1.0,0.41788321167883224,-0.5875032215183863,0.5846171563239358,0.2815819139260077,0.28707932375353856,1.0,0.0,0.0,0.0,0.0,1.0,0.0,0.0,1.0,0.0,1.0,0.0,0.0,0.0,0.0,1.0,0.0,0.0,0.0,0.0,1.0
-0.6,-0.47058823529411764,-0.09381598793363467,0.383050490144408,-0.5333333333333333,0.0,0.005474452554744733,0.22410523888495842,-0.3391760432100733,0.42558292811930915,1.365868841667827,0.0,1.0,0.0,0.0,0.0,1.0,0.0,0.0,0.0,1.0,1.0,0.0,0.0,0.0,0.0,0.0,1.0,0.0,1.0,0.0,0.0
1.0,-0.058823529411764705,-0.5101055806938156,0.26625909138821535,0.6666666666666666,1.0,0.6295620437956204,0.34707621773395014,-0.25662201776564925,0.9380253853042334,-0.16997564636242438,0.0,1.0,0.0,0.0,0.0,0.0,1.0,0.0,0.0,1.0,0.0,1.0,0.0,0.0,1.0,0.0,0.0,0.0,0.0,1.0,0.0
-1.04,0.0,0.9989944695827049,-0.09845051122588816,0.8,0.0,0.5638686131386863,-0.14691577158514202,0.8584907115410916,-0.4462054105342052,-0.33935641182107557,0.0,1.0,1.0,0.0,0.0,0.0,0.0,0.0,1.0,0.0,1.0,0.0,0.0,0.0,1.0,0.0,0.0,0.0,0.0,1.0,0.0
0.64,0.9117647058823529,0.36973353443941714,0.3480552334773902,0.4,1.0,-0.19525547445255467,-0.1202135018922181,1.5068597944992093,0.034485571715822574,-0.030665510565544233,1.0,0.0,0.0,1.0,0.0,0.0,0.0,0.0,0.0,1.0,1.0,0.0,0.0,0.0,0.0,1.0,0.0,0.0,0.0,0.0,1.0
-0.32,1.0294117647058822,-0.7920563097033682,0.45641404026562665,0.6,0.0,0.8777372262773725,-0.3672094965517642,-0.014574042903662522,2.2544108301173353,-0.07157696609206046,1.0,0.0,1.0,0.0,0.0,0.0,0.0,0.0,0.0,1.0,0.0,0.0,1.0,0.0,0.0,1.0,0.0,0.0,0.0,0.0,1.0
0.2,0.7941176470588235,0.9020613373554552,0.25234531464108767,-0.8,-1.0,-0.7974452554744526,-0.5875032215183863,2.040063708741239,-0.2455583904437788,3.7084052651212898,1.0,0.0,0.0,0.0,0.0,1.0,0.0,0.0,0.0,1.0,1.0,0.0,0.0,0.0,1.0,0.0,0.0,0.0,0.0,0.0,1.0
-0.88,0.29411764705882354,-0.7803921568627448,-0.8459997891852009,0.8666666666666667,2.0,-0.35948905109489043,0.44053416165918374,-0.2959577441183033,-0.39385158279816684,-0.6088743198454293,0.0,1.0,0.0,0.0,0.0,0.0,1.0,0.0,1.0,0.0,0.0,1.0,0.0,0.0,0.0,0.0,1.0,0.0,0.0,1.0,0.0
-0.32,-0.9705882352941176,-0.7596782302664653,0.214398650785285,-0.26666666666666666,1.0,0.3959854014598541,14.833057526145165,-0.8078116211900456,1.6188753376908485,0.4655757390265651,0.0,1.0,0.0,1.0,0.0,0.0,0.0,0.0,1.0,0.0,0.0,1.0,0.0,0.0,0.0,1.0,0.0,1.0,0.0,0.0,0.0
-0.32,0.7647058823529411,0.21065862242332845,0.28734057130810575,0.4666666666666667,3.0,0.987226277372263,0.4236810898038138,1.1311838659360796,0.08929203507271706,-0.08782363774889153,1.0,0.0,0.0,1.0,0.0,0.0,0.0,0.0,0.0,1.0,0.0,0.0,1.0,1.0,0.0,0.0,0.0,0.0,0.0,0.0,1.0
-0.72,0.20588235294117646,0.1937657114127706,0.007800147570359296,0.26666666666666666,0.0,0.1222627737226278,-0.22034701324068276,0.5050326409617597,-0.10710139273703458,-0.13171653925802798,1.0,0.0,0.0,1.0,0.0,0.0,0.0,1.0,0.0,0.0,1.0,0.0,0.0,0.0,0.0,1.0,0.0,0.0,0.0,1.0,0.0
-0.52,0.0,-0.6657616892911007,-0.10393169600505958,0.0,2.0,0.005474452554744733,0.7342591282813467,-0.3331383135691599,0.7453115600791568,-0.050414870829140083,0.0,1.0,1.0,0.0,0.0,0.0,0.0,1.0,0.0,0.0,1.0,0.0,0.0,0.0,0.0,1.0,0.0,0.0,0.0,1.0,0.0
-0.6,-0.6764705882352942,0.7178481649069884,0.9762833350901234,-0.4,0.0,-0.3485401459854014,0.6975435074535762,-0.32173325614800663,0.21910064475938032,1.538868608820615,0.0,1.0,0.0,0.0,0.0,1.0,0.0,0.0,1.0,0.0,1.0,0.0,0.0,0.0,1.0,0.0,0.0,1.0,0.0,0.0,0.0
-0.32,-0.5882352941176471,0.14107591754650606,-0.22072309476125235,0.4666666666666667,1.0,0.812043795620438,1.4685715448367538,-0.3709769461961377,-0.25331214704409966,-0.3096620439413152,1.0,0.0,0.0,0.0,0.0,0.0,1.0,0.0,0.0,1.0,0.0,1.0,0.0,1.0,0.0,0.0,0.0,0.0,1.0,0.0,0.0
0.12,0.14705882352941177,-0.4318753142282551,0.5774217350057974,-0.4,-1.0,0.4397810218978104,-0.5875032215183863,-0.07046828392547017,1.1659242009281545,1.1131516047010461,1.0,0.0,0.0,0.0,0.0,1.0,0.0,0.0,1.0,0.0,0.0,1.0,0.0,0.0,0.0,0.0,1.0,0.0,0.0,1.0,0.0
-0.12,0.38235294117647056,-0.8914027149321263,-0.8160640876989566,-0.6666666666666666,3.0,0.5383211678832117,0.6975435074535762,-0.3691631595669533,-0.18983930268120996,-0.10954723271213303,0.0,1.0,1.0,0.0,0.0,0.0,0.0,0.0,0.0,1.0,1.0,0.0,0.0,0.0,0.0,1.0,0.0,0.0,0.0,1.0,0.0
-0.2,1.0,-0.9483157365510303,0.7102350585011068,-0.6,0.0,0.7864963503649637,-0.36401683387108846,-0.24676340880838116,4.167826804054163,2.23482140678141,0.0,1.0,1.0,0.0,0.0,0.0,0.0,0.0,1.0,0.0,0.0,1.0,0.0,0.0,0.0,0.0,1.0,0.0,0.0,0.0,1.0
-1.04,0.08823529411764706,-0.17104072398190018,0.38642352693159054,0.6666666666666666,-1.0,-0.05656934306569333,-0.5875032215183863,0.09413799379158533,0.5179037102346554,-0.12380380215241626,0.0,1.0,1.0,0.0,0.0,0.0,0.0,0.0,1.0,0.0,1.0,0.0,0.0,0.0,0.0,0.0,1.0,0.0,0.0,1.0,0.0
0.36,0.29411764705882354,0.36008044243338383,0.6857805417940339,0.7333333333333333,1.0,0.3959854014598541,0.09785503393332708,0.7536324573210045,0.26667019492084587,-0.035553892631991754,0.0,1.0,0.0,0.0,0.0,1.0,0.0,0.0,0.0,1.0,1.0,0.0,0.0,0.0,1.0,0.0,0.0,0.0,0.0,1.0,0.0
0.8,-0.5588235294117647,-0.4771241830065356,-0.3269737535574998,-0.8666666666666667,1.0,0.3010948905109489,1.3400668719395576,-0.5424970001573183,0.09350362719161677,3.1326072664204583,0.0,1.0,1.0,0.0,0.0,0.0,0.0,0.0,1.0,0.0,0.0,0.0,1.0,0.0,1.0,0.0,0.0,0.0,1.0,0.0,0.0
-0.12,-0.38235294117647056,0.85359477124183,0.8464214187835987,-0.26666666666666666,1.0,-0.3667883211678831,0.8143659373601183,0.16498672049075064,0.07979908605633187,1.0175023297028192,1.0,0.0,0.0,0.0,1.0,0.0,0.0,1.0,0.0,0.0,1.0,0.0,0.0,0.0,0.0,0.0,1.0,0.0,1.0,0.0,0.0
0.16,-0.6470588235294118,0.17687280040221245,-0.15916517339517236,0.8666666666666667,0.0,0.5894160583941608,0.5986937590711177,-0.42299684026853085,-0.22325734029344654,-0.3732416938488651,0.0,1.0,0.0,0.0,0.0,0.0,1.0,0.0,0.0,1.0,1.0,0.0,0.0,0.0,1.0,0.0,0.0,0.0,1.0,0.0,0.0
0.88,-0.29411764705882354,0.9808949220713926,-0.5373669231580058,-0.4,3.0,-0.7427007299270073,1.8797864981077819,0.36609494000828763,-0.6588990174521242,-0.07669592055491473,1.0,0.0,0.0,0.0,1.0,0.0,0.0,0.0,1.0,0.0,1.0,0.0,0.0,0.0,0.0,0.0,1.0,0.0,0.0,1.0,0.0
-1.04,0.8823529411764706,-0.6886877828054295,-0.3075787920312007,0.8666666666666667,-1.0,0.6806569343065696,-0.5875032215183863,0.06441410270515387,0.4537496446881953,-0.42415801327844804,0.0,1.0,0.0,0.0,1.0,0.0,0.0,0.0,1.0,0.0,0.0,1.0,0.0,0.0,0.0,0.0,1.0,0.0,0.0,0.0,1.0
0.08,-0.029411764705882353,-0.8365007541478126,0.14314324865605563,0.2,2.0,0.7755474452554745,0.7731344915107506,-0.466128768568435,1.8368884530816227,-0.02764396130646553,1.0,0.0,1.0,0.0,0.0,0.0,0.0,0.0,0.0,1.0,0.0,0.0,1.0,0.0,0.0,1.0,0.0,0.0,0.0,1.0,0.0
0.24,0.9117647058823529,-0.15635997988939132,-0.03225466427743242,0.3333333333333333,0.0,0.0894160583941607,-0.3538583617053022,0.7967438211466548,0.09881858585386016,-0.17961503138170684,0.0,1.0,0.0,0.0,0.0,1.0,0.0,0.0,0.0,1.0,0.0,1.0,0.0,0.0,0.0,1.0,0.0,0.0,0.0,0.0,1.0
0.24,-0.23529411764705882,0.2840623428858725,0.1507325814272162,-0.26666666666666666,0.0,-0.9981751824817517,-0.01637134197529188,0.07720109279616201,-0.05290387667732972,0.409978063781659,1.0,0.0,0.0,0.0,1.0,0.0,0.0,0.0,0.0,1.0,1.0,0.0,0.0,1.0,0.0,0.0,0.0,0.0,0.0,1.0,0.0
0.96,-0.4117647058823529,0.639416792357969,-0.4121429324338569,-0.4666666666666667,0.0,-0.5602189781021897,0.14680919503702083,0.027661274318776134,-0.5370546129675109,0.15219447185556687,1.0,0.0,0.0,1.0,0.0,0.0,0.0,0.0,0.0,1.0,1.0,0.0,0.0,0.0,0.0,1.0,0.0,0.0,1.0,0.0,0.0
-0.72,0.17647058823529413,-0.9135243841126189,0.6807209866132603,-0.3333333333333333,0.0,0.20255474452554761,-0.21139198377049484,-0.45528306484698483,3.696197814337441,1.030573306333244,1.0,0.0,0.0,0.0,0.0,1.0,0.0,0.0,0.0,1.0,1.0,0.0,0.0,1.0,0.0,0.0,0.0,0.0,0.0,1.0,0.0
0.28,0.8823529411764706,0.22131724484665677,0.8101612733213871,0.4,0.0,0.7791970802919709,-0.3502638254004855,1.2741193006844889,0.46393949361069164,0.1807143610057546,1.0,0.0,1.0,0.0,0.0,0.0,0.0,0.0,1.0,0.0,0.0,0.0,1.0,0.0,0.0,1.0,0.0,0.0,0.0,0.0,1.0
0.8,-0.029411764705882353,-0.12498743086978358,0.4180457468114261,0.4,2.0,0.728102189781022,0.7731344915107506,0.028619578819002827,0.4928783443057219,0.0013500539242691679,0.0,1.0,0.0,0.0,0.0,0.0,1.0,0.0,0.0,1.0,0.0,0.0,1.0,0.0,1.0,0.0,0.0,0.0,0.0,1.0,0.0
0.88,-0.9117647058823529,0.17667169431875332,0.6077790660904395,0.8,0.0,-0.541970802919708,3.2676369653975015,-0.706519246805566,0.35289778159211,-0.08809637591541057,0.0,1.0,0.0,0.0,1.0,0.0,0.0,0.0,1.0,0.0,1.0,0.0,0.0,0.0,0.0,1.0,0.0,1.0,0.0,0.0,0.0
0.48,0.7058823529411765,0.18773252890899964,0.937493412037525,-0.8,0.0,0.3120437956204381,-0.3261377851173092,1.039137279176105,0.5894979355697134,5.902242892058813,0.0,1.0,0.0,1.0,0.0,0.0,0.0,0.0,1.0,0.0,1.0,0.0,0.0,0.0,0.0,1.0,0.0,0.0,0.0,0.0,1.0
0.32,-0.058823529411764705,0.2349924585218706,0.8906925266153685,-0.9333333333333333,0.0,0.6478102189781022,-0.1202135018922181,0.24624107116233512,0.5101289561421212,18.667002746024522,1.0,0.0,0.0,0.0,0.0,0.0,1.0,0.0,1.0,0.0,1.0,0.0,0.0,0.0,1.0,0.0,0.0,0.0,0.0,1.0,0.0
-0.96,0.9117647058823529,-0.30377073906485647,0.13850532307367963,0.7333333333333333,2.0,0.8740875912408761,0.113431357920866,0.5977701940566614,0.43104650596484867,-0.23775043036677784,0.0,1.0,0.0,1.0,0.0,0.0,0.0,0.0,0.0,1.0,0.0,1.0,0.0,1.0,0.0,0.0,0.0,0.0,0.0,0.0,1.0
1.0,0.7941176470588235,0.4787330316742082,-0.6811426162116582,-0.2,2.0,-0.24999999999999994,0.1586529436911403,1.5032898017687506,-0.6700106273966426,-0.34884429078885665,0.0,1.0,1.0,0.0,0.0,0.0,0.0,0.0,0.0,1.0,1.0,0.0,0.0,1.0,0.0,0.0,0.0,0.0,0.0,0.0,1.0
0.32,-0.47058823529411764,0.24725992961287108,-0.7220406872562455,0.9333333333333333,0.0,-0.8558394160583941,0.22410523888495842,-0.2066421195392323,-0.6592408200883042,-0.5711260140614282,1.0,0.0,0.0,0.0,1.0,0.0,0.0,0.0,1.0,0.0,1.0,0.0,0.0,0.0,1.0,0.0,0.0,0.0,1.0,0.0,0.0
0.36,1.0,0.47611865258924096,0.4614735954464003,-0.3333333333333333,0.0,0.25000000000000006,-0.36401683387108846,1.7633193529182534,0.04891027132422274,0.8199648941472418,0.0,1.0,0.0,0.0,1.0,0.0,0.0,0.0,1.0,0.0,1.0,0.0,0.0,0.0,0.0,1.0,0.0,0.0,0.0,0.0,1.0
0.2,-0.6176470588235294,0.7966817496229261,0.981342890270897,0.26666666666666666,3.0,-0.23540145985401445,3.8183712778140566,-0.2140329915860453,0.17916731845616957,0.36048469934265936,1.0,0.0,0.0,0.0,0.0,1.0,0.0,1.0,0.0,0.0,0.0,1.0,0.0,0.0,0.0,1.0,0.0,0.0,1.0,0.0,0.0
0.44,-0.7941176470588235,0.08376068376068387,-0.15663539580478553,0.6,0.0,0.5492700729927009,1.3400668719395576,-0.5957343111055359,-0.17451847250910282,-0.3169492668279957,0.0,1.0,1.0,0.0,0.0,0.0,0.0,1.0,0.0,0.0,1.0,0.0,0.0,0.0,0.0,1.0,0.0,1.0,0.0,0.0,0.0
-0.92,-0.4117647058823529,0.9310206133735547,-0.8164857172973543,0.7333333333333333,2.0,0.41423357664233584,1.6154340281478352,0.15289892252437154,-0.7933074468917132,-0.5905818309594515,1.0,0.0,0.0,0.0,0.0,1.0,0.0,0.0,1.0,0.0,0.0,1.0,0.0,1.0,0.0,0.0,0.0,0.0,1.0,0.0,0.0
0.24,0.5882352941176471,-0.8377073906485667,-0.47454411299673244,0.13333333333333333,1.0,-0.614963503649635,-0.026755557966984502,-0.24119454918045422,0.4840859785145318,-0.33683278160969643,0.0,1.0,0.0,1.0,0.0,0.0,0.0,0.0,0.0,1.0,1.0,0.0,0.0,0.0,1.0,0.0,0.0,0.0,0.0,0.0,1.0
1.0,0.3235294117647059,-0.19738562091503245,-0.5909138821545273,0.8666666666666667,0.0,-0.2208029197080291,-0.2522736400474396,0.2644365179820905,-0.41853040428950483,-0.5213618958258336,0.0,1.0,1.0,0.0,0.0,0.0,0.0,0.0,1.0,0.0,0.0,0.0,1.0,1.0,0.0,0.0,0.0,0.0,0.0,1.0,0.0
0.92,0.35294117647058826,0.6671694318753143,-0.5065879624749658,0.9333333333333333,1.0,-0.1843065693430656,0.0686908528502754,1.1193058256070894,-0.5964923873016693,-0.49975937040954016,0.0,1.0,0.0,0.0,1.0,0.0,0.0,0.0,1.0,0.0,1.0,0.0,0.0,1.0,0.0,0.0,0.0,0.0,0.0,1.0,0.0
0.48,-0.29411764705882354,0.688888888888889,-0.6853589121956363,-0.6666666666666666,-1.0,0.41058394160583944,-0.5875032215183863,0.21679685692575518,-0.7009900799550726,0.14156279720194642,0.0,1.0,0.0,1.0,0.0,0.0,0.0,1.0,0.0,0.0,1.0,0.0,0.0,0.0,0.0,1.0,0.0,0.0,0.0,1.0,0.0
-0.76,0.5882352941176471,1.0168929110105582,0.560978180668283,-0.26666666666666666,-1.0,-0.04197080291970798,-0.5875032215183863,1.8449068480727495,-0.12952232239984737,0.7682332824127432,0.0,1.0,0.0,0.0,0.0,0.0,1.0,1.0,0.0,0.0,1.0,0.0,0.0,0.0,0.0,0.0,1.0,0.0,0.0,0.0,1.0
0.0,0.20588235294117646,0.24263448969331342,0.8523242331611679,-0.26666666666666666,2.0,-0.7463503649635035,0.5139654033147244,0.5470088458086004,0.47554914729515646,1.022657081050029,0.0,1.0,0.0,0.0,1.0,0.0,0.0,0.0,0.0,1.0,0.0,0.0,1.0,1.0,0.0,0.0,0.0,0.0,0.0,1.0,0.0
0.68,0.35294117647058826,0.15816993464052304,-0.06176873616527883,0.5333333333333333,4.0,0.5054744525547447,1.052981964403268,0.6300481928454139,-0.14028743658359577,-0.26045978224675165,0.0,1.0,0.0,0.0,1.0,0.0,0.0,0.0,0.0,1.0,0.0,0.0,1.0,0.0,0.0,1.0,0.0,0.0,0.0,1.0,0.0
-0.08,0.29411764705882354,-0.4141779788838609,-0.24686412986191636,-0.4666666666666667,0.0,0.7244525547445256,-0.24482409379252962,0.041073424427099554,0.12197460181108964,0.35065239872314574,0.0,1.0,0.0,0.0,0.0,0.0,1.0,1.0,0.0,0.0,0.0,1.0,0.0,0.0,0.0,0.0,1.0,0.0,0.0,1.0,0.0
-0.28,-0.7941176470588235,-0.5543489190548011,0.03942236745019486,-0.06666666666666667,-1.0,0.739051094890511,-0.5875032215183863,-0.7001360339971889,0.7169098814987097,0.09469663954517119,1.0,0.0,0.0,0.0,0.0,0.0,1.0,1.0,0.0,0.0,1.0,0.0,0.0,0.0,0.0,0.0,1.0,1.0,0.0,0.0,0.0
0.4,-0.8529411764705882,0.39768728004022125,-0.5904922525561296,0.4,-1.0,0.8813868613138689,-0.5875032215183863,-0.6164057206254479,-0.5976126517257329,-0.45998265848316405,1.0,0.0,0.0,0.0,0.0,1.0,0.0,0.0,1.0,0.0,0.0,0.0,1.0,0.0,1.0,0.0,0.0,1.0,0.0,0.0,0.0
-0.04,0.3235294117647059,-0.11814982403217666,-0.8405186044060294,0.06666666666666667,1.0,0.8558394160583943,0.08295594142350718,0.3389786242572371,-0.6841740094612414,-0.5335485433029427,0.0,1.0,0.0,0.0,1.0,0.0,0.0,0.0,1.0,0.0,0.0,1.0,0.0,1.0,0.0,0.0,0.0,0.0,0.0,1.0,0.0
-0.4,-0.8529411764705882,0.40130718954248384,-0.306735532834405,-0.9333333333333333,0.0,0.5784671532846716,1.9825902364255386,-0.615961527981566,-0.41233172879979096,7.164543311250558,0.0,1.0,0.0,1.0,0.0,0.0,0.0,0.0,1.0,0.0,0.0,1.0,0.0,1.0,0.0,0.0,0.0,1.0,0.0,0.0,0.0
0.4,0.08823529411764706,0.5167420814479639,0.7005375777379571,0.2,-1.0,-0.052919708029196925,-0.5875032215183863,0.628649808596156,0.17442665730120888,0.26981792000752475,1.0,0.0,0.0,1.0,0.0,0.0,0.0,1.0,0.0,0.0,0.0,0.0,1.0,0.0,0.0,1.0,0.0,0.0,0.0,1.0,0.0
0.0,0.3235294117647059,0.9627953745600806,-0.8232317908717193,0.4666666666666667,0.0,-0.28284671532846706,-0.2522736400474396,1.3558918761072687,-0.798793372497765,-0.5727384609114174,0.0,1.0,0.0,0.0,1.0,0.0,0.0,0.0,1.0,0.0,1.0,0.0,0.0,0.0,1.0,0.0,0.0,0.0,0.0,1.0,0.0
-0.72,0.8529411764705882,-0.20804424333836063,0.8367239380204491,0.13333333333333333,0.0,-0.9397810218978101,-0.3465569598361434,0.6797237368528748,1.015745939242794,0.4041085780039537,0.0,1.0,0.0,0.0,0.0,0.0,1.0,1.0,0.0,0.0,1.0,0.0,0.0,0.0,0.0,0.0,1.0,0.0,0.0,0.0,1.0
-0.56,0.11764705882352941,0.5541478129713424,0.5841678085801624,0.4,1.0,0.7645985401459855,0.20329476554128292,0.6969362018032988,0.08230505983308786,0.07733880337599539,0.0,1.0,1.0,0.0,0.0,0.0,0.0,0.0,0.0,1.0,1.0,0.0,0.0,0.0,1.0,0.0,0.0,0.0,0.0,1.0,0.0
0.68,-0.38235294117647056,0.9143288084464557,-0.5959734373353011,0.7333333333333333,1.0,0.8193430656934308,0.8143659373601183,0.19231279387919012,-0.6801749422329565,-0.509111269144896,0.0,1.0,0.0,0.0,0.0,1.0,0.0,0.0,1.0,0.0,1.0,0.0,0.0,0.0,0.0,0.0,1.0,0.0,1.0,0.0,0.0
-0.88,0.058823529411764705,-0.9611865258924078,0.7258353536418256,-0.8,0.0,0.8083941605839419,-0.17073130941937142,-0.5281512229178726,4.376442472225324,5.224515822075653,0.0,1.0,1.0,0.0,0.0,0.0,0.0,1.0,0.0,0.0,1.0,0.0,0.0,1.0,0.0,0.0,0.0,0.0,0.0,1.0,0.0
-0.88,-0.7352941176470589,-0.36631473102061307,0.13934858227047545,-0.8,1.0,-0.614963503649635,2.496608928014324,-0.6285881151733945,0.5186118219110704,3.3465908134171336,1.0,0.0,0.0,1.0,0.0,0.0,0.0,0.0,1.0,0.0,1.0,0.0,0.0,0.0,0.0,0.0,1.0,1.0,0.0,0.0,0.0
0.36,-1.0,-0.5382604323780791,-0.30125434805523355,-0.3333333333333333,1.0,-0.895985401459854,30.253618273808716,-0.8156302343013374,0.2068258166424987,0.0872906294463228,0.0,1.0,0.0,1.0,0.0,0.0,0.0,0.0,1.0,0.0,0.0,0.0,1.0,0.0,0.0,0.0,1.0,1.0,0.0,0.0,0.0
0.72,-0.4117647058823529,-0.7632981397687275,0.8578054179403394,0.6,0.0,0.6697080291970804,0.14680919503702083,-0.5747749989460708,2.874608922634448,0.08907945089597966,1.0,0.0,1.0,0.0,0.0,0.0,0.0,0.0,1.0,0.0,1.0,0.0,0.0,1.0,0.0,0.0,0.0,0.0,1.0,0.0,0.0
-0.08,0.6176470588235294,-0.6977375565610856,-0.022135553915884898,0.2,0.0,-0.38503649635036485,-0.3121360653101086,-0.07013925233740942,0.9688586260742713,-0.11584748435872282,1.0,0.0,0.0,0.0,0.0,1.0,0.0,0.0,1.0,0.0,0.0,1.0,0.0,0.0,1.0,0.0,0.0,0.0,0.0,0.0,1.0
-0.24,-0.20588235294117646,0.7922574157868276,0.8658163803098977,-0.3333333333333333,-1.0,-0.3266423357664232,-0.5875032215183863,0.4019059154738415,0.11948988184774262,1.2083754081595033,1.0,0.0,0.0,1.0,0.0,0.0,0.0,0.0,0.0,1.0,0.0,0.0,1.0,1.0,0.0,0.0,0.0,0.0,0.0,1.0,0.0
0.68,0.38235294117647056,-0.4041226747109096,0.9071360809528829,-0.2,-1.0,-0.6733576642335766,-0.5875032215183863,0.10918296315565997,1.5023212840621896,0.9225689923917043,1.0,0.0,0.0,0.0,0.0,1.0,0.0,0.0,0.0,1.0,0.0,1.0,0.0,0.0,0.0,1.0,0.0,0.0,0.0,1.0,0.0
0.64,-0.20588235294117646,0.7262946204122676,-0.5525455887003269,-0.2,0.0,-0.8996350364963503,-0.03676890910183097,0.36413308916447584,-0.631915749437623,-0.2459026790633267,1.0,0.0,0.0,1.0,0.0,0.0,0.0,0.0,1.0,0.0,1.0,0.0,0.0,0.0,0.0,1.0,0.0,0.0,0.0,1.0,0.0
0.2,-0.6176470588235294,0.3978883861236804,-0.6035627701064615,-0.4666666666666667,0.0,0.717153284671533,0.5139654033147244,-0.32821517843280196,-0.6062371608216951,-0.07765220875127207,0.0,1.0,0.0,0.0,0.0,0.0,1.0,0.0,1.0,0.0,1.0,0.0,0.0,0.0,1.0,0.0,0.0,0.0,1.0,0.0,0.0
0.96,-0.058823529411764705,-0.8821518350930112,-0.8244966796669128,-0.13333333333333333,0.0,-0.4945255474452554,-0.1202135018922181,-0.5077142484044538,-0.22470813136682422,-0.4821621158104445,1.0,0.0,0.0,0.0,0.0,0.0,1.0,0.0,1.0,0.0,0.0,0.0,1.0,0.0,0.0,0.0,1.0,0.0,0.0,1.0,0.0
-0.04,-0.7058823529411765,0.20864756158873832,-0.3699799725940761,0.4,0.0,0.7354014598540148,0.8143659373601183,-0.4788499523418309,-0.39305760627744074,-0.3591143438556191,0.0,1.0,0.0,0.0,0.0,0.0,1.0,0.0,0.0,1.0,1.0,0.0,0.0,0.0,0.0,1.0,0.0,1.0,0.0,0.0,0.0
0.84,-0.6176470588235294,0.42865761689291115,-0.880995045852219,0.7333333333333333,1.0,0.0894160583941607,1.6154340281478352,-0.3194053576624773,-0.7912092940326704,-0.6144154752378971,1.0,0.0,0.0,1.0,0.0,0.0,0.0,0.0,1.0,0.0,0.0,1.0,0.0,0.0,1.0,0.0,0.0,0.0,1.0,0.0,0.0
-0.88,-0.20588235294117646,-0.9404725992961283,0.026773479498260637,-0.06666666666666667,2.0,-0.22810218978102179,1.0646997157312799,-0.5903217414819376,2.2035633011582805,0.08601772146058329,1.0,0.0,0.0,0.0,1.0,0.0,0.0,0.0,1.0,0.0,1.0,0.0,0.0,1.0,0.0,0.0,0.0,0.0,0.0,1.0,0.0
0.8,0.0,0.3339366515837107,0.8274480868556974,0.4666666666666667,0.0,-0.8266423357664233,-0.14691577158514202,0.38244369704005254,0.3819490464985762,0.14800623638595878,0.0,1.0,0.0,1.0,0.0,0.0,0.0,0.0,0.0,1.0,1.0,0.0,0.0,1.0,0.0,0.0,0.0,0.0,0.0,1.0,0.0
0.32,-0.38235294117647056,0.18692810457516368,0.4559924106672288,0.3333333333333333,-1.0,-0.39598540145985395,-0.5875032215183863,-0.13496670097506447,0.23102828153196572,0.05488933526386091,1.0,0.0,0.0,0.0,1.0,0.0,0.0,1.0,0.0,0.0,0.0,1.0,0.0,0.0,0.0,1.0,0.0,0.0,1.0,0.0,0.0
-1.0,-0.5,0.6460532931121168,-0.48129018657109734,0.7333333333333333,-1.0,-0.4543795620437955,-0.5875032215183863,-0.09277662559598411,-0.5782216291608183,-0.466740345983215,1.0,0.0,1.0,0.0,0.0,0.0,0.0,0.0,1.0,0.0,0.0,1.0,0.0,0.0,1.0,0.0,0.0,0.0,1.0,0.0,0.0
-0.48,-0.9411764705882353,-0.8513826043237804,-0.6183198060503848,-0.8,0.0,-0.25729927007299264,4.552683694369464,-0.8010911510039063,0.1975477038039808,0.9205439115053006,1.0,0.0,0.0,0.0,0.0,0.0,1.0,1.0,0.0,0.0,0.0,0.0,1.0,1.0,0.0,0.0,0.0,1.0,0.0,0.0,0.0
-0.64,-0.4117647058823529,0.7283056812468579,-0.5947085485401076,0.2,0.0,0.5273722627737227,0.14680919503702083,0.06583716432351631,-0.6555380830003433,-0.4214096892183285,0.0,1.0,0.0,1.0,0.0,0.0,0.0,1.0,0.0,0.0,1.0,0.0,0.0,1.0,0.0,0.0,0.0,0.0,1.0,0.0,0.0
0.84,-0.7352941176470589,-0.07652086475615857,0.0554442921893116,-0.9333333333333333,1.0,0.9726277372262776,2.496608928014324,-0.5693213003739649,0.11262206930518331,10.643632274092399,1.0,0.0,0.0,0.0,0.0,0.0,1.0,0.0,1.0,0.0,1.0,0.0,0.0,1.0,0.0,0.0,0.0,1.0,0.0,0.0,0.0
0.2,-0.029411764705882353,-0.9006535947712413,-0.6195846948455783,-0.9333333333333333,2.0,-0.3120437956204379,0.7731344915107506,-0.5107372261197612,0.3165005144996651,4.1593232758272185,0.0,1.0,1.0,0.0,0.0,0.0,0.0,1.0,0.0,0.0,0.0,0.0,1.0,0.0,0.0,1.0,0.0,0.0,0.0,1.0,0.0
-0.12,-0.5294117647058824,-0.15032679738562063,0.15663539580478542,0.0,1.0,0.7755474452554745,1.2266803958537962,-0.4107527522978229,0.27372784689190366,0.11645179421053845,1.0,0.0,0.0,1.0,0.0,0.0,0.0,0.0,1.0,0.0,0.0,1.0,0.0,0.0,1.0,0.0,0.0,0.0,1.0,0.0,0.0
0.12,0.3235294117647059,-0.8706887883358467,0.5845894381785601,0.2,0.0,0.9178832116788324,-0.2522736400474396,-0.3689821921935199,3.066627278649623,0.20794044847851764,1.0,0.0,0.0,0.0,0.0,0.0,1.0,1.0,0.0,0.0,1.0,0.0,0.0,0.0,0.0,0.0,1.0,0.0,0.0,1.0,0.0
-0.56,-0.8235294117647058,0.7383609854198092,0.9615262991462001,0.8,-1.0,-0.5492700729927007,-0.5875032215183863,-0.531618393277062,0.19957495798768335,0.0377586510248002,0.0,1.0,0.0,0.0,0.0,0.0,1.0,0.0,1.0,0.0,0.0,0.0,1.0,0.0,0.0,0.0,1.0,1.0,0.0,0.0,0.0
-0.44,-0.9117647058823529,-0.22755153343388615,-0.2751133129545694,0.2,-1.0,0.45437956204379576,-0.5875032215183863,-0.7395869214056641,-0.08281720411979628,-0.2508528767856472,1.0,0.0,1.0,0.0,0.0,0.0,0.0,0.0,1.0,0.0,0.0,1.0,0.0,1.0,0.0,0.0,0.0,1.0,0.0,0.0,0.0
1.0,-0.029411764705882353,0.12699849170437427,-0.8784652682618321,0.0,1.0,-0.9543795620437956,0.3195885871677049,0.20383712525101516,-0.7572410475448974,-0.5464246826056606,1.0,0.0,0.0,0.0,0.0,0.0,1.0,1.0,0.0,0.0,0.0,1.0,0.0,0.0,0.0,1.0,0.0,0.0,0.0,1.0,0.0
-0.68,-0.14705882352941177,0.21146304675716465,0.21566353958047846,-0.8666666666666667,1.0,0.9361313868613141,0.44053416165918374,0.13373694541468795,0.0361134618993196,5.738886367222235,0.0,1.0,0.0,0.0,0.0,1.0,0.0,1.0,0.0,0.0,1.0,0.0,0.0,1.0,0.0,0.0,0.0,0.0,0.0,1.0,0.0
0.88,0.029411764705882353,0.19597787833081984,0.4260567091809846,-0.7333333333333333,1.0,0.7317518248175184,0.2691945977962554,0.3155844783461229,0.20197144326893687,3.0222403581114476,1.0,0.0,0.0,1.0,0.0,0.0,0.0,1.0,0.0,0.0,0.0,1.0,0.0,1.0,0.0,0.0,0.0,0.0,0.0,1.0,0.0
-0.4,-0.9411764705882353,-0.40311714429361456,-0.27553494255296734,-0.4666666666666667,-1.0,0.45437956204379576,-0.5875032215183863,-0.7735882231368844,0.07509779653202246,0.31622602365427993,0.0,1.0,1.0,0.0,0.0,0.0,0.0,1.0,0.0,0.0,1.0,0.0,0.0,1.0,0.0,0.0,0.0,1.0,0.0,0.0,0.0
-0.64,0.20588235294117646,0.9123177476118652,0.3231790871719194,-0.5333333333333333,-1.0,0.5748175182481752,-0.5875032215183863,1.1222383196356802,-0.21272488914761062,1.2837084171337274,1.0,0.0,0.0,0.0,0.0,0.0,1.0,0.0,1.0,0.0,0.0,0.0,1.0,0.0,0.0,1.0,0.0,0.0,0.0,1.0,0.0
0.48,-0.2647058823529412,0.6327802916038212,-0.6280172868135344,0.06666666666666667,0.0,0.9470802919708031,0.005595268776365666,0.22893400963034352,-0.6607807777977175,-0.40596844745949906,1.0,0.0,1.0,0.0,0.0,0.0,0.0,0.0,0.0,1.0,0.0,1.0,0.0,0.0,0.0,1.0,0.0,0.0,0.0,1.0,0.0
0.56,0.17647058823529413,0.7470085470085471,-0.5525455887003269,0.13333333333333333,0.0,-0.7682481751824817,-0.21139198377049484,0.9370840192442352,-0.6350312536615107,-0.3809080714902512,1.0,0.0,0.0,0.0,1.0,0.0,0.0,0.0,0.0,1.0,0.0,1.0,0.0,0.0,1.0,0.0,0.0,0.0,0.0,1.0,0.0
-0.76,-0.20588235294117646,0.17828054298642548,-0.22325287235163918,-0.13333333333333333,-1.0,-0.9653284671532846,-0.5875032215183863,0.050319212051604605,-0.27200708362802106,-0.03789052442399617,0.0,1.0,0.0,1.0,0.0,0.0,0.0,0.0,0.0,1.0,1.0,0.0,0.0,1.0,0.0,0.0,0.0,0.0,0.0,1.0,0.0
-0.92,0.6470588235294118,0.12740070387129224,0.7937177189838728,-0.9333333333333333,-1.0,0.012773722627737278,-0.5875032215183863,0.9053612612603351,0.5402129798413423,17.735465538278742,1.0,0.0,1.0,0.0,0.0,0.0,0.0,0.0,1.0,0.0,0.0,1.0,0.0,0.0,1.0,0.0,0.0,0.0,0.0,0.0,1.0
-0.8,0.47058823529411764,0.3737556561085974,-0.6937915041635924,-0.9333333333333333,1.0,0.8047445255474455,0.01722465093900782,0.9793810298894354,-0.6615537626696537,3.4464948038130574,1.0,0.0,0.0,0.0,1.0,0.0,0.0,0.0,1.0,0.0,1.0,0.0,0.0,1.0,0.0,0.0,0.0,0.0,0.0,0.0,1.0
-0.04,-0.8529411764705882,0.5042735042735045,0.1583219141983768,0.9333333333333333,0.0,-0.698905109489051,1.9825902364255386,-0.603326715000036,-0.15389852581811633,-0.2795143664192713,0.0,1.0,0.0,0.0,0.0,1.0,0.0,0.0,0.0,1.0,1.0,0.0,0.0,0.0,0.0,0.0,1.0,1.0,0.0,0.0,0.0
0.88,-0.29411764705882354,-0.17345399698340844,-0.8114261621165807,0.2,0.0,0.20985401459854017,0.029319208388155726,-0.2241054710755528,-0.6435691366314581,-0.5370643087307272,0.0,1.0,0.0,0.0,1.0,0.0,0.0,0.0,0.0,1.0,1.0,0.0,0.0,0.0,0.0,0.0,1.0,0.0,0.0,1.0,0.0
0.64,-0.029411764705882353,-0.04575163398692793,0.8072098661326025,0.8666666666666667,0.0,0.7500000000000002,-0.1339573171753407,0.0837159182397633,0.7477995298545584,-0.04170702301760346,0.0,1.0,1.0,0.0,0.0,0.0,0.0,0.0,1.0,0.0,1.0,0.0,0.0,0.0,0.0,1.0,0.0,0.0,0.0,1.0,0.0
0.76,0.9705882352941176,0.0562091503267977,-0.7511331295456942,-0.2,0.0,-0.21350364963503643,-0.36073026934686353,1.1417334412282751,-0.6439059650531594,-0.4048715286460302,1.0,0.0,0.0,1.0,0.0,0.0,0.0,1.0,0.0,0.0,1.0,0.0,0.0,0.0,0.0,1.0,0.0,0.0,0.0,0.0,1.0
-0.32,-0.8235294117647058,0.17285067873303192,0.7346895752081797,-0.2,1.0,-0.05656934306569333,3.8183712778140566,-0.6125766155193918,0.4516977220634889,0.7845259786351741,0.0,1.0,0.0,0.0,1.0,0.0,0.0,0.0,1.0,0.0,0.0,0.0,1.0,0.0,0.0,1.0,0.0,1.0,0.0,0.0,0.0
-0.16,0.9705882352941176,-0.13423831070889872,0.02382207230947603,0.6666666666666666,1.0,0.23905109489051113,-0.1339573171753407,0.8768794644188327,0.13272844557381955,-0.2631293671370023,1.0,0.0,1.0,0.0,0.0,0.0,0.0,0.0,1.0,0.0,0.0,1.0,0.0,0.0,0.0,1.0,0.0,0.0,0.0,0.0,1.0
-0.88,0.7647058823529411,0.02946204122674746,-0.2384315378939602,0.0,1.0,-0.08211678832116776,-0.08191106585728627,0.9051350520435437,-0.2122447015514143,-0.1365483111975179,0.0,1.0,0.0,0.0,0.0,0.0,1.0,0.0,1.0,0.0,0.0,1.0,0.0,0.0,0.0,0.0,1.0,0.0,0.0,0.0,1.0
0.0,-0.7352941176470589,-0.6736048265460027,-0.2013281332349531,0.3333333333333333,1.0,-0.009124087591240877,2.496608928014324,-0.691433148492984,0.6012491817418271,-0.26082077492650185,0.0,1.0,0.0,0.0,0.0,0.0,1.0,0.0,0.0,1.0,1.0,0.0,0.0,1.0,0.0,0.0,0.0,1.0,0.0,0.0,0.0
-1.0,0.5882352941176471,0.23097033685269003,-0.8885843786233795,0.6666666666666666,3.0,0.5127737226277375,0.5339921055844173,0.9608812288507236,-0.7771095356950922,-0.6137113701912398,1.0,0.0,0.0,0.0,1.0,0.0,0.0,0.0,1.0,0.0,0.0,1.0,0.0,1.0,0.0,0.0,0.0,0.0,0.0,0.0,1.0
-1.04,0.38235294117647056,0.23579688285570652,0.7443870559713293,-0.2,1.0,0.5018248175182483,0.05502014296759493,0.7373700710811055,0.40356605684314195,0.7922887886997225,0.0,1.0,0.0,0.0,1.0,0.0,0.0,0.0,1.0,0.0,0.0,1.0,0.0,0.0,1.0,0.0,0.0,0.0,0.0,1.0,0.0
0.24,0.35294117647058826,-0.07068878833584687,-0.20680931801412467,0.7333333333333333,0.0,0.26094890510948926,-0.2594061843340555,0.41006589885774636,-0.1268430439974192,-0.3653305262102214,1.0,0.0,0.0,0.0,0.0,1.0,0.0,1.0,0.0,0.0,1.0,0.0,0.0,0.0,0.0,0.0,1.0,0.0,0.0,1.0,0.0
-0.28,-0.2647058823529412,0.1382604323780797,-0.25108042584589446,-0.3333333333333333,-1.0,-0.049270072992700656,-0.5875032215183863,-0.03401980975804856,-0.2753921416903468,0.1354875545427349,1.0,0.0,0.0,1.0,0.0,0.0,0.0,1.0,0.0,0.0,1.0,0.0,0.0,0.0,0.0,1.0,0.0,0.0,0.0,1.0,0.0
0.0,-0.7058823529411765,-0.36470588235294094,0.6153683988616001,-0.3333333333333333,1.0,0.04927007299270079,2.2162350962386235,-0.6078344477564672,1.0676103119282883,0.9677957988547241,0.0,1.0,0.0,0.0,0.0,1.0,0.0,0.0,0.0,1.0,1.0,0.0,0.0,1.0,0.0,0.0,0.0,1.0,0.0,0.0,0.0
0.04,-1.0,0.7365510306686779,-0.8017286813534311,-0.5333333333333333,3.0,-0.6478102189781021,61.09473976913581,-0.7895585938423795,-0.7707293511009716,-0.25998181284499167,1.0,0.0,0.0,0.0,0.0,1.0,0.0,0.0,1.0,0.0,0.0,0.0,1.0,0.0,1.0,0.0,0.0,1.0,0.0,0.0,0.0
0.36,-0.29411764705882354,0.12760180995475137,0.11911036154738064,0.13333333333333333,-1.0,-0.43248175182481746,-0.5875032215183863,-0.07018038128591705,0.0166309922709195,-0.001384088897149977,1.0,0.0,0.0,1.0,0.0,0.0,0.0,0.0,0.0,1.0,1.0,0.0,0.0,0.0,0.0,0.0,1.0,0.0,0.0,1.0,0.0
0.8,0.6176470588235294,-0.15535444947209626,-0.37082323179087184,-0.7333333333333333,0.0,0.7062043795620438,-0.3121360653101086,0.5510394827623438,-0.22625051178335087,1.1085389204597929,0.0,1.0,0.0,1.0,0.0,0.0,0.0,0.0,1.0,0.0,0.0,0.0,1.0,0.0,0.0,1.0,0.0,0.0,0.0,0.0,1.0
-0.92,0.20588235294117646,-0.28687782805429834,0.6098872140824285,-0.13333333333333333,-1.0,-0.3777372262773722,-0.5875032215183863,0.09218025584262439,0.9159037265655752,0.5777340650427794,1.0,0.0,0.0,0.0,0.0,0.0,1.0,0.0,1.0,0.0,1.0,0.0,0.0,0.0,1.0,0.0,0.0,0.0,0.0,1.0,0.0
-0.12,0.47058823529411764,0.5129210658622424,0.1271213239169389,-0.13333333333333333,1.0,0.9361313868613141,0.01722465093900782,1.1245333149624033,-0.17679989745780839,0.2210082781300982,1.0,0.0,0.0,0.0,0.0,1.0,0.0,1.0,0.0,0.0,0.0,0.0,1.0,0.0,1.0,0.0,0.0,0.0,0.0,0.0,1.0
-0.04,-0.20588235294117646,-0.056008044243337995,-0.18741435648782553,0.4666666666666667,-1.0,0.04562043795620438,-0.5875032215183863,-0.08384341798013661,-0.11891839700688928,-0.29511828121168737,1.0,0.0,0.0,0.0,0.0,1.0,0.0,0.0,0.0,1.0,0.0,1.0,0.0,0.0,0.0,0.0,1.0,0.0,0.0,1.0,0.0
-1.04,-0.6176470588235294,0.4250377073906489,-0.47749552018551705,0.4666666666666667,1.0,0.45072992700729936,1.6154340281478352,-0.3204418071648684,-0.5299050117365897,-0.4217778857431292,1.0,0.0,0.0,1.0,0.0,0.0,0.0,1.0,0.0,0.0,1.0,0.0,0.0,1.0,0.0,0.0,0.0,0.0,1.0,0.0,0.0
-1.0,0.7058823529411765,0.7805932629462042,-0.5576051438811005,0.8666666666666667,0.0,-0.3485401459854014,-0.3261377851173092,1.754501306358227,-0.6426844942900772,-0.5099346536811261,0.0,1.0,0.0,0.0,0.0,0.0,1.0,1.0,0.0,0.0,0.0,1.0,0.0,0.0,0.0,0.0,1.0,0.0,0.0,0.0,1.0
0.8,0.0,0.36249371543489195,0.04068725624538833,-0.8,-1.0,-0.7499999999999999,-0.5875032215183863,0.4028847844483221,-0.16739810696105922,3.0306781951381296,1.0,0.0,1.0,0.0,0.0,0.0,0.0,0.0,0.0,1.0,0.0,1.0,0.0,1.0,0.0,0.0,0.0,0.0,0.0,1.0,0.0
0.8,0.8529411764705882,-0.537254901960784,-0.7452303151681249,-0.06666666666666667,0.0,-0.3521897810218978,-0.3465569598361434,0.24882396912861135,-0.4162351309326082,-0.4436855789687711,0.0,1.0,0.0,1.0,0.0,0.0,0.0,1.0,0.0,0.0,1.0,0.0,0.0,0.0,1.0,0.0,0.0,0.0,0.0,0.0,1.0
0.56,-0.6470588235294118,-0.7031674208144792,-0.20807420680931812,-0.8666666666666667,0.0,-0.11131386861313859,0.5986937590711177,-0.6569712025384787,0.658858772158818,3.7036800763863487,1.0,0.0,0.0,0.0,0.0,1.0,0.0,0.0,1.0,0.0,0.0,1.0,0.0,0.0,0.0,1.0,0.0,0.0,1.0,0.0,0.0
0.04,-0.4117647058823529,-0.7226747109100047,-0.5546537366923159,0.26666666666666666,0.0,-0.38503649635036485,0.14680919503702083,-0.5573280989891533,0.08210619505281487,-0.4160805289909499,1.0,0.0,0.0,0.0,0.0,0.0,1.0,0.0,1.0,0.0,1.0,0.0,0.0,0.0,0.0,0.0,1.0,0.0,1.0,0.0,0.0
0.32,-0.5882352941176471,-0.6355957767722471,-0.9126172657320545,0.5333333333333333,3.0,-0.25729927007299264,3.524646311191894,-0.6092369449005759,-0.610246108227649,-0.6158174543130998,0.0,1.0,1.0,0.0,0.0,0.0,0.0,1.0,0.0,0.0,0.0,0.0,1.0,0.0,0.0,0.0,1.0,0.0,1.0,0.0,0.0
-0.56,0.2647058823529412,-0.40392156862745066,0.5533888478971224,0.4,0.0,0.8339416058394161,-0.23703593179876017,0.030889896776621684,1.0753230079207725,0.06325966959433038,1.0,0.0,0.0,1.0,0.0,0.0,0.0,0.0,1.0,0.0,1.0,0.0,0.0,1.0,0.0,0.0,0.0,0.0,0.0,1.0,0.0
-0.84,-0.17647058823529413,-0.8954248366013069,0.3092653104247917,0.8666666666666667,1.0,-0.8996350364963503,0.4759837265963413,-0.5549549586602657,2.5983404362015894,-0.21253706064924396,1.0,0.0,0.0,1.0,0.0,0.0,0.0,0.0,0.0,1.0,0.0,0.0,1.0,1.0,0.0,0.0,0.0,0.0,0.0,1.0,0.0
-0.68,-0.029411764705882353,0.795676219205631,-0.6651206914725414,-0.13333333333333333,-1.0,0.7828467153284673,-0.5875032215183863,0.6687998881292602,-0.7024301240324201,-0.3643958734934196,1.0,0.0,0.0,1.0,0.0,0.0,0.0,1.0,0.0,0.0,1.0,0.0,0.0,1.0,0.0,0.0,0.0,0.0,0.0,1.0,0.0
0.6,0.5882352941176471,-0.8413273001508291,-0.7785390534415517,0.9333333333333333,0.0,-0.27554744525547437,-0.30712938974268544,-0.24526631508270513,-0.1795426588470109,-0.5898405546668156,0.0,1.0,0.0,0.0,1.0,0.0,0.0,0.0,1.0,0.0,0.0,1.0,0.0,0.0,1.0,0.0,0.0,0.0,0.0,0.0,1.0
-0.04,-0.058823529411764705,-0.41096028154851655,-0.019605776325498196,-0.8666666666666667,-1.0,0.3083941605839417,-0.5875032215183863,-0.18970933143865976,0.3943671395291591,4.608891232608877,0.0,1.0,0.0,1.0,0.0,0.0,0.0,0.0,1.0,0.0,0.0,1.0,0.0,0.0,1.0,0.0,0.0,0.0,0.0,1.0,0.0
-0.4,-0.08823529411764706,-0.5901458019105074,0.9024981553705071,0.8,1.0,-0.060218978102189735,0.3762818252105856,-0.3264548594366773,2.0851831678725037,0.016757812202834153,1.0,0.0,0.0,0.0,1.0,0.0,0.0,0.0,1.0,0.0,1.0,0.0,0.0,1.0,0.0,0.0,0.0,0.0,0.0,1.0,0.0
0.56,0.4411764705882353,-0.2343891402714929,-0.19921998524296408,-0.06666666666666667,1.0,0.04927007299270079,0.029319208388155726,0.3219841427339031,0.00018968052339465066,-0.06904561498405562,1.0,0.0,1.0,0.0,0.0,0.0,0.0,0.0,1.0,0.0,0.0,1.0,0.0,0.0,0.0,0.0,1.0,0.0,0.0,0.0,1.0
0.28,0.058823529411764705,-0.5412770236299644,0.03942236745019486,-0.8,1.0,-0.6952554744525546,0.2460406026796435,-0.21040541832767626,0.6904162743860738,3.026628033365322,1.0,0.0,0.0,0.0,0.0,0.0,1.0,0.0,0.0,1.0,1.0,0.0,0.0,0.0,0.0,0.0,1.0,0.0,0.0,1.0,0.0
0.92,0.29411764705882354,-0.13403720462543958,-0.4871930009486667,-0.7333333333333333,1.0,-0.5310218978102189,0.09785503393332708,0.2988902381468942,-0.34828662868811294,0.8290777581360593,1.0,0.0,0.0,0.0,0.0,0.0,1.0,1.0,0.0,0.0,0.0,1.0,0.0,0.0,0.0,1.0,0.0,0.0,0.0,1.0,0.0
-0.96,-0.23529411764705882,-0.2100553041729509,-0.4593654474544114,0.6666666666666666,1.0,-0.6697080291970803,0.5547605375678025,-0.19564423870830416,-0.2807608550516036,-0.4487887828025088,1.0,0.0,0.0,1.0,0.0,0.0,0.0,0.0,1.0,0.0,1.0,0.0,0.0,0.0,0.0,1.0,0.0,0.0,0.0,1.0,0.0
0.12,-0.058823529411764705,-0.5895424836601304,0.2877622009065037,0.3333333333333333,-1.0,-0.760948905109489,-0.5875032215183863,-0.31023360214528595,1.1639071706933786,-0.02591139210365328,1.0,0.0,0.0,0.0,0.0,0.0,1.0,0.0,0.0,1.0,1.0,0.0,0.0,0.0,1.0,0.0,0.0,0.0,0.0,1.0,0.0
-1.04,-0.6176470588235294,0.6014077425842134,-0.7123432064930959,0.13333333333333333,1.0,0.8448905109489053,1.6154340281478352,-0.26994368418725595,-0.7058195780361052,-0.47120285454284716,1.0,0.0,1.0,0.0,0.0,0.0,0.0,0.0,1.0,0.0,1.0,0.0,0.0,1.0,0.0,0.0,0.0,0.0,1.0,0.0,0.0
0.48,0.7647058823529411,0.44213172448466587,0.005270369979972595,0.8,2.0,0.7208029197080292,0.1708850119732637,1.4199543263026826,-0.22457842886745977,-0.30245493789104955,0.0,1.0,0.0,0.0,0.0,0.0,1.0,1.0,0.0,0.0,1.0,0.0,0.0,0.0,0.0,0.0,1.0,0.0,0.0,0.0,1.0
-0.64,-0.7058823529411765,1.0337858220211162,0.8970169705913356,-0.9333333333333333,-1.0,0.5164233576642339,-0.5875032215183863,-0.29322266904254884,0.026856352487630644,18.727755172616636,1.0,0.0,0.0,0.0,0.0,1.0,0.0,1.0,0.0,0.0,1.0,0.0,0.0,1.0,0.0,0.0,0.0,1.0,0.0,0.0,0.0
0.32,0.20588235294117646,-0.9589743589743586,0.4121429324338569,0.4,1.0,-0.5857664233576642,0.14680919503702083,-0.48512211698923763,3.4500650271638573,-0.0013500539242691679,0.0,1.0,0.0,0.0,1.0,0.0,0.0,0.0,1.0,0.0,0.0,0.0,1.0,0.0,1.0,0.0,0.0,0.0,0.0,1.0,0.0
-1.04,-0.9705882352941176,-0.6772247360482652,-0.24644250026351858,-0.6666666666666666,0.0,0.27189781021897824,7.12277715231339,-0.8044390474124237,0.5333747018957465,0.9848064783005166,1.0,0.0,1.0,0.0,0.0,0.0,0.0,1.0,0.0,0.0,1.0,0.0,0.0,1.0,0.0,0.0,0.0,1.0,0.0,0.0,0.0
0.32,0.9117647058823529,-0.3433886375062843,0.5546537366923159,0.8666666666666667,0.0,-0.4653284671532846,-0.3538583617053022,0.5442943352070999,0.9566033369701002,-0.12835155522874034,1.0,0.0,0.0,1.0,0.0,0.0,0.0,1.0,0.0,0.0,1.0,0.0,0.0,1.0,0.0,0.0,0.0,0.0,0.0,0.0,1.0
-0.16,-0.8823529411764706,-0.8407239819004522,-0.1368188046800886,0.6666666666666666,2.0,0.717153284671533,8.664833227079743,-0.7790583732883931,1.2397997815958848,-0.3248538325545921,0.0,1.0,0.0,0.0,0.0,1.0,0.0,1.0,0.0,0.0,0.0,1.0,0.0,1.0,0.0,0.0,0.0,1.0,0.0,0.0,0.0
-0.64,-0.47058823529411764,0.2649572649572651,0.6124169916728155,-0.5333333333333333,0.0,-0.42518248175182477,0.22410523888495842,-0.19976535934876413,0.2855885984276484,1.6806242708688852,0.0,1.0,0.0,0.0,0.0,1.0,0.0,1.0,0.0,0.0,1.0,0.0,0.0,0.0,0.0,0.0,1.0,0.0,1.0,0.0,0.0
0.96,0.35294117647058826,0.5217697335344395,-0.6318119531991148,-0.8666666666666667,-1.0,0.9543795620437959,-0.5875032215183863,0.9795455456834656,-0.646117396065071,1.668473785550462,1.0,0.0,0.0,0.0,1.0,0.0,0.0,0.0,0.0,1.0,1.0,0.0,0.0,0.0,0.0,1.0,0.0,0.0,0.0,1.0,0.0
-0.16,-0.20588235294117646,0.7898441427853192,-0.34594708548540115,0.2,-1.0,-0.6697080291970803,-0.5875032215183863,0.4005239828039868,-0.5302951152652221,-0.2886543866651861,0.0,1.0,0.0,0.0,1.0,0.0,0.0,0.0,0.0,1.0,0.0,1.0,0.0,0.0,1.0,0.0,0.0,0.0,0.0,1.0,0.0
0.16,0.5882352941176471,-0.2721970839617896,-0.6098872140824286,-0.8,-1.0,-0.9762773722627737,-0.5875032215183863,0.39490576843785063,-0.4022524375990942,0.9475449899906857,1.0,0.0,0.0,1.0,0.0,0.0,0.0,1.0,0.0,0.0,1.0,0.0,0.0,0.0,1.0,0.0,0.0,0.0,0.0,0.0,1.0
0.32,0.058823529411764705,0.8817496229260936,0.14229998945926006,0.2,-1.0,-0.8047445255474452,-0.5875032215183863,0.8663998083391004,-0.2958898394817561,-0.02809397928122187,0.0,1.0,0.0,1.0,0.0,0.0,0.0,0.0,1.0,0.0,1.0,0.0,0.0,0.0,1.0,0.0,0.0,0.0,0.0,1.0,0.0
0.56,-0.9705882352941176,0.8700854700854702,0.6710235058501106,0.8666666666666667,3.0,-0.5383211678832116,30.253618273808716,-0.7411498214489524,-0.018641327273244492,-0.08842853203963554,0.0,1.0,0.0,0.0,1.0,0.0,0.0,0.0,0.0,1.0,0.0,1.0,0.0,0.0,0.0,1.0,0.0,1.0,0.0,0.0,0.0
-0.64,-0.029411764705882353,-0.33393665158371016,0.608622325287235,0.3333333333333333,1.0,0.7500000000000002,0.3195885871677049,-0.11667254467889078,0.9997462789580636,0.128197263351681,0.0,1.0,0.0,0.0,0.0,0.0,1.0,0.0,1.0,0.0,1.0,0.0,0.0,0.0,0.0,1.0,0.0,0.0,0.0,1.0,0.0
-0.92,0.17647058823529413,-0.7534439416792355,-0.7570359439232636,0.4,-1.0,-0.10036496350364951,-0.5875032215183863,-0.32105462849763144,-0.24967547682040023,-0.5361642727812143,0.0,1.0,1.0,0.0,0.0,0.0,0.0,0.0,0.0,1.0,0.0,1.0,0.0,1.0,0.0,0.0,0.0,0.0,0.0,1.0,0.0
1.0,-0.5588235294117647,0.6528908999497237,-0.5879624749657427,0.5333333333333333,-1.0,-0.8850364963503649,-0.5875032215183863,-0.1727313014947287,-0.640679014548113,-0.4802250819191017,1.0,0.0,0.0,0.0,1.0,0.0,0.0,1.0,0.0,0.0,0.0,1.0,0.0,0.0,0.0,0.0,1.0,0.0,1.0,0.0,0.0
-0.84,0.47058823529411764,0.3622926093514331,-0.06219036576367661,0.4666666666666667,0.0,-0.08941605839416043,-0.28513928528968924,0.9674248445582807,-0.23626782243343464,-0.24044109727878293,1.0,0.0,0.0,0.0,0.0,1.0,0.0,0.0,0.0,1.0,1.0,0.0,0.0,0.0,0.0,0.0,1.0,0.0,0.0,0.0,1.0
-0.16,0.4411764705882353,0.1770739064856713,-0.03183303467903452,-0.9333333333333333,-1.0,0.11131386861313884,-0.5875032215183863,0.7427332859664943,-0.1277365207581134,9.805248787121199,0.0,1.0,0.0,0.0,0.0,1.0,0.0,0.0,1.0,0.0,1.0,0.0,0.0,0.0,0.0,0.0,1.0,0.0,0.0,0.0,1.0
-0.96,-0.38235294117647056,-0.5877325289089992,-0.2194582059660589,0.9333333333333333,0.0,0.8594890510948907,0.113431357920866,-0.4835098622077403,0.40254981909526477,-0.4046503991239517,0.0,1.0,0.0,1.0,0.0,0.0,0.0,0.0,1.0,0.0,1.0,0.0,0.0,0.0,0.0,1.0,0.0,0.0,1.0,0.0,0.0
0.28,0.7647058823529411,-0.7077928607340368,0.43069463476336034,-0.4,1.0,-0.4872262773722627,-0.08191106585728627,-0.014615171852170069,1.7972613170822633,0.9565453494858137,1.0,0.0,1.0,0.0,0.0,0.0,0.0,0.0,0.0,1.0,0.0,1.0,0.0,0.0,0.0,1.0,0.0,0.0,0.0,0.0,1.0
1.0,-0.9117647058823529,0.19899446958270506,-0.3299251607462844,0.4666666666666667,-1.0,0.9835766423357666,-0.5875032215183863,-0.7046931214918293,-0.35996494333782547,-0.3573434939030062,0.0,1.0,0.0,1.0,0.0,0.0,0.0,0.0,0.0,1.0,0.0,0.0,1.0,1.0,0.0,0.0,0.0,1.0,0.0,0.0,0.0
0.92,0.4117647058823529,0.3166415284062346,0.49393907452303143,0.26666666666666666,2.0,0.26824817518248184,0.35661274262428005,0.8510916137045774,0.16602178521619768,0.11406433042867287,0.0,1.0,0.0,0.0,1.0,0.0,0.0,1.0,0.0,0.0,0.0,1.0,0.0,0.0,1.0,0.0,0.0,0.0,0.0,0.0,1.0
-1.04,-0.058823529411764705,0.893815987933635,-0.6710235058501107,0.8666666666666667,0.0,-0.1806569343065692,-0.1202135018922181,0.6908779076881316,-0.7161901233526429,-0.548845136427029,1.0,0.0,0.0,0.0,1.0,0.0,0.0,0.0,0.0,1.0,1.0,0.0,0.0,1.0,0.0,0.0,0.0,0.0,0.0,1.0,0.0
0.76,0.23529411764705882,0.4306686777275013,0.11067776957942449,0.3333333333333333,-1.0,0.15145985401459874,-0.5875032215183863,0.7452133615615018,-0.15198394994803407,-0.11096478933261568,1.0,0.0,0.0,0.0,0.0,1.0,0.0,1.0,0.0,0.0,1.0,0.0,0.0,0.0,1.0,0.0,0.0,0.0,0.0,1.0,0.0
-0.2,0.8529411764705882,-0.04032176973353405,0.07947717929798657,-0.6,0.0,0.6587591240875914,-0.3465569598361434,0.899253612406959,0.104579090553478,1.2249810714280152,1.0,0.0,0.0,0.0,1.0,0.0,0.0,0.0,0.0,1.0,0.0,0.0,1.0,0.0,1.0,0.0,0.0,0.0,0.0,0.0,1.0
0.72,1.0294117647058822,0.6144796380090498,-0.31474649520396336,-0.8,1.0,0.0018248175182483308,-0.14691577158514202,1.999017018130669,-0.47489418464171446,1.892582736979157,1.0,0.0,0.0,0.0,0.0,1.0,0.0,1.0,0.0,0.0,0.0,0.0,1.0,0.0,1.0,0.0,0.0,0.0,0.0,0.0,1.0
-0.32,0.35294117647058826,0.6645550527903471,0.4454516707072836,-0.2,-1.0,0.998175182481752,-0.5875032215183863,1.116792846853276,-0.0529851398775318,0.5529917306229988,0.0,1.0,1.0,0.0,0.0,0.0,0.0,0.0,0.0,1.0,0.0,1.0,0.0,0.0,1.0,0.0,0.0,0.0,0.0,1.0,0.0
-0.76,0.058823529411764705,-0.21407742584213146,-0.8485295667755877,-0.13333333333333333,-1.0,-1.001824817518248,-0.5875032215183863,0.03718673879313269,-0.6701053671434951,-0.4999205174296784,1.0,0.0,0.0,0.0,0.0,1.0,0.0,0.0,1.0,0.0,1.0,0.0,0.0,0.0,0.0,1.0,0.0,0.0,0.0,1.0,0.0
0.52,0.17647058823529413,-0.07692307692307668,-0.7233055760514389,0.0,0.0,-0.3375912408759123,-0.21139198377049484,0.24621228089837977,-0.5872766350681278,-0.4470607137794441,1.0,0.0,0.0,0.0,0.0,0.0,1.0,0.0,1.0,0.0,1.0,0.0,0.0,1.0,0.0,0.0,0.0,0.0,0.0,1.0,0.0
0.56,-0.08823529411764706,0.606435394670689,0.5289343311900495,0.6,2.0,0.1624087591240877,0.8581743485750716,0.45664032014773537,0.02248580043858443,-0.04255080672027169,1.0,0.0,0.0,0.0,0.0,0.0,1.0,1.0,0.0,0.0,1.0,0.0,0.0,0.0,0.0,1.0,0.0,0.0,0.0,1.0,0.0
0.08,-1.0,0.47088989441930623,-0.306735532834405,-0.4,-1.0,0.9251824817518249,-0.5875032215183863,-0.7949917279402314,-0.4327026155575519,0.1694639116368442,1.0,0.0,0.0,0.0,1.0,0.0,0.0,0.0,1.0,0.0,0.0,0.0,1.0,1.0,0.0,0.0,0.0,1.0,0.0,0.0,0.0
1.0,-0.5882352941176471,-0.5223730517848162,-0.9075577105512808,-0.8,0.0,0.655109489051095,0.44053416165918374,-0.5745035478859206,-0.6489366859101594,-0.005593080543401208,1.0,0.0,1.0,0.0,0.0,0.0,0.0,1.0,0.0,0.0,1.0,0.0,0.0,0.0,1.0,0.0,0.0,0.0,1.0,0.0,0.0
-0.48,0.4117647058823529,-0.22232277526395142,-0.40328871086750295,-0.9333333333333333,-1.0,0.4324817518248176,-0.5875032215183863,0.310986261902975,-0.21672545769215978,6.2370562652775865,1.0,0.0,0.0,1.0,0.0,0.0,0.0,0.0,1.0,0.0,1.0,0.0,0.0,1.0,0.0,0.0,0.0,0.0,0.0,0.0,1.0
-0.4,-0.6764705882352942,0.5153343388637508,-0.053757773795720463,-0.6666666666666666,-1.0,-0.8229927007299269,-0.5875032215183863,-0.37143347752457195,-0.28916218967269053,1.3549912643351436,1.0,0.0,0.0,1.0,0.0,0.0,0.0,0.0,0.0,1.0,1.0,0.0,0.0,1.0,0.0,0.0,0.0,1.0,0.0,0.0,0.0
-1.0,-0.7647058823529411,-0.5899446958270484,0.2603562770106462,0.4666666666666667,0.0,-0.614963503649635,1.125892417110897,-0.6901416995098458,1.1240182922079276,-0.09960592654251403,0.0,1.0,0.0,0.0,1.0,0.0,0.0,0.0,1.0,0.0,1.0,0.0,0.0,0.0,0.0,1.0,0.0,1.0,0.0,0.0,0.0
0.2,-0.7647058823529411,0.2621417797888388,0.056287551386107165,0.3333333333333333,1.0,0.5675182481751827,2.8392880557401807,-0.5333046801658731,-0.10802421776343611,-0.13708833276722562,0.0,1.0,0.0,1.0,0.0,0.0,0.0,1.0,0.0,0.0,1.0,0.0,0.0,0.0,1.0,0.0,0.0,1.0,0.0,0.0,0.0
0.36,0.7058823529411765,0.4011060834590247,0.5082744808685571,-0.3333333333333333,2.0,-1.001824817518248,0.19659308768484512,1.2966003839387346,0.12202906385498391,0.864921689825408,0.0,1.0,0.0,0.0,1.0,0.0,0.0,1.0,0.0,0.0,0.0,1.0,0.0,0.0,0.0,1.0,0.0,0.0,0.0,0.0,1.0
-0.36,0.14705882352941177,-0.7224736048265455,0.9189417097080215,0.6,1.0,0.363138686131387,0.18352481586479127,-0.30819360629930975,2.741378931779095,0.11354917827335961,1.0,0.0,0.0,0.0,0.0,1.0,0.0,1.0,0.0,0.0,1.0,0.0,0.0,1.0,0.0,0.0,0.0,0.0,0.0,1.0,0.0
0.16,0.35294117647058826,0.8294620412267474,0.8620217139243175,-0.4,1.0,-0.1843065693430656,0.0686908528502754,1.2753038144015074,0.09935420591220814,1.416913737661626,0.0,1.0,0.0,1.0,0.0,0.0,0.0,1.0,0.0,0.0,0.0,1.0,0.0,1.0,0.0,0.0,0.0,0.0,0.0,1.0,0.0
0.84,-0.47058823529411764,0.9068878833584717,0.7060187625171287,0.0,0.0,0.41058394160583944,0.22410523888495842,0.04967348756003546,-0.0158973978465954,0.4682758468751036,0.0,1.0,0.0,1.0,0.0,0.0,0.0,0.0,0.0,1.0,1.0,0.0,0.0,0.0,1.0,0.0,0.0,0.0,1.0,0.0,0.0
0.52,0.5588235294117647,0.9913524384112621,-0.009908295562348573,-0.9333333333333333,-1.0,-0.563868613138686,-0.5875032215183863,1.7680203917326704,-0.40107649443550974,10.0158571993072,1.0,0.0,1.0,0.0,0.0,0.0,0.0,0.0,0.0,1.0,0.0,1.0,0.0,1.0,0.0,0.0,0.0,0.0,0.0,0.0,1.0
-0.76,0.058823529411764705,-0.3299145299145296,0.8860546010329925,-0.7333333333333333,1.0,-0.5529197080291971,0.2460406026796435,-0.05046727626623168,1.3026867772901176,4.126921981644756,1.0,0.0,0.0,0.0,0.0,0.0,1.0,0.0,0.0,1.0,0.0,1.0,0.0,1.0,0.0,0.0,0.0,0.0,0.0,1.0,0.0
-0.24,-0.6764705882352942,0.85359477124183,0.2595130178138506,0.4,0.0,0.1916058394160584,0.6975435074535762,-0.288418807856863,-0.22643296751159062,-0.07116712829362157,0.0,1.0,0.0,0.0,0.0,0.0,1.0,1.0,0.0,0.0,0.0,1.0,0.0,0.0,0.0,0.0,1.0,1.0,0.0,0.0,0.0
-0.08,0.35294117647058826,0.7031674208144799,-0.8198587540845369,-0.8666666666666667,1.0,-0.8594890510948905,0.0686908528502754,1.1539076099865204,-0.777992481455602,0.7652877102143374,0.0,1.0,0.0,0.0,0.0,0.0,1.0,0.0,0.0,1.0,1.0,0.0,0.0,0.0,1.0,0.0,0.0,0.0,0.0,1.0,0.0
0.64,0.11764705882352941,0.04917043740573166,0.2240961315484346,-0.4,2.0,-0.7901459854014599,0.5986937590711177,0.2941645219633726,0.1562388337244852,0.7360365418551704,1.0,0.0,0.0,0.0,0.0,1.0,0.0,0.0,0.0,1.0,1.0,0.0,0.0,0.0,0.0,0.0,1.0,0.0,0.0,1.0,0.0
-0.24,0.35294117647058826,-0.4668677727501254,-0.843470011594814,0.3333333333333333,1.0,0.8229927007299273,0.0686908528502754,0.029252964626019617,-0.5848444297470676,-0.5692405939258108,1.0,0.0,0.0,0.0,0.0,0.0,1.0,0.0,1.0,0.0,0.0,0.0,1.0,0.0,1.0,0.0,0.0,0.0,0.0,1.0,0.0
0.84,-0.20588235294117646,0.2337858220211164,-0.7663117950880153,0.13333333333333333,0.0,0.812043795620438,-0.03676890910183097,0.08210366345826614,-0.6888569791263005,-0.5016981902439877,0.0,1.0,0.0,0.0,1.0,0.0,0.0,1.0,0.0,0.0,1.0,0.0,0.0,0.0,0.0,0.0,1.0,0.0,0.0,1.0,0.0
-0.12,0.8235294117647058,0.7244846656611362,-0.36660693580689374,0.3333333333333333,0.0,-0.3412408759124087,-0.3427324159999173,1.8575992415821896,-0.5286237543418614,-0.3402039456735335,0.0,1.0,1.0,0.0,0.0,0.0,0.0,1.0,0.0,0.0,0.0,1.0,0.0,1.0,0.0,0.0,0.0,0.0,0.0,0.0,1.0
0.04,0.7352941176470589,0.41498240321769764,-0.8156424581005588,0.8666666666666667,0.0,0.0857664233576643,-0.3304938757239938,1.3497143080414296,-0.7474841849364563,-0.5984596181439238,1.0,0.0,0.0,0.0,1.0,0.0,0.0,1.0,0.0,0.0,0.0,0.0,1.0,0.0,0.0,0.0,1.0,0.0,0.0,0.0,1.0
0.76,-0.6470588235294118,0.7138260432378082,-0.28987034889849267,0.26666666666666666,2.0,0.20985401459854017,2.971087720250126,-0.2802382599987044,-0.4837319777466527,-0.28221202407919954,1.0,0.0,1.0,0.0,0.0,0.0,0.0,0.0,0.0,1.0,1.0,0.0,0.0,0.0,0.0,0.0,1.0,0.0,1.0,0.0,0.0
-0.28,0.4117647058823529,-0.18572146807440892,0.12248339833456315,-0.6,-1.0,0.6332116788321168,-0.5875032215183863,0.34766505818203897,0.27694101958999157,1.2938338215657468,0.0,1.0,0.0,0.0,0.0,0.0,1.0,0.0,0.0,1.0,0.0,0.0,1.0,1.0,0.0,0.0,0.0,0.0,0.0,0.0,1.0
0.92,-0.20588235294117646,-0.7059829059829057,-0.11489406556340256,-0.8,1.0,0.24270072992700753,0.5139654033147244,-0.45604395039437523,0.8297023554391413,2.532508297082779,0.0,1.0,1.0,0.0,0.0,0.0,0.0,0.0,1.0,0.0,0.0,0.0,1.0,0.0,1.0,0.0,0.0,0.0,0.0,1.0,0.0
-0.04,-0.058823529411764705,-0.1350427350427348,-0.36154738062611996,-0.6666666666666666,0.0,-0.8923357664233575,-0.1202135018922181,-0.0034939041757192754,-0.2294719718219175,0.7636676455052146,1.0,0.0,0.0,0.0,1.0,0.0,0.0,0.0,1.0,0.0,1.0,0.0,0.0,0.0,0.0,1.0,0.0,0.0,0.0,1.0,0.0
-0.08,0.08823529411764706,0.6496732026143791,-0.521344998418889,-0.8666666666666667,0.0,0.17335766423357665,-0.18169899131671396,0.7319575014575073,-0.6019055100686149,2.1990449777882755,1.0,0.0,0.0,0.0,1.0,0.0,0.0,0.0,0.0,1.0,1.0,0.0,0.0,0.0,0.0,0.0,1.0,0.0,0.0,1.0,0.0
-0.64,-0.20588235294117646,0.9690296631473103,-0.5226098872140825,-0.6,0.0,0.6295620437956204,-0.03676890910183097,0.5031324835407092,-0.6501028221018211,0.26104256949977456,0.0,1.0,0.0,0.0,0.0,1.0,0.0,0.0,0.0,1.0,1.0,0.0,0.0,0.0,0.0,1.0,0.0,0.0,0.0,1.0,0.0
-1.0,-0.17647058823529413,0.010759175465058033,-0.0904395488563298,-0.6,0.0,0.7791970802919709,-0.05575974746102251,-0.017506536932253357,-0.07763318171808814,0.9529452056877624,0.0,1.0,0.0,0.0,0.0,1.0,0.0,0.0,1.0,0.0,0.0,1.0,0.0,0.0,0.0,0.0,1.0,0.0,0.0,1.0,0.0
-0.6,0.5588235294117647,0.3295123177476122,-0.5065879624749658,0.6,2.0,0.38868613138686153,0.2691945977962554,1.0371013962249798,-0.5261168327189298,-0.4570173614709298,0.0,1.0,0.0,0.0,1.0,0.0,0.0,0.0,1.0,0.0,1.0,0.0,0.0,0.0,1.0,0.0,0.0,0.0,0.0,0.0,1.0
0.04,0.8529411764705882,-0.1581699346405226,-0.826183198060504,-0.6666666666666666,0.0,-0.8521897810218978,-0.3465569598361434,0.7450036039241132,-0.6616103084769346,-0.12898800922161016,1.0,0.0,0.0,0.0,0.0,1.0,0.0,0.0,1.0,0.0,0.0,0.0,1.0,0.0,0.0,0.0,1.0,0.0,0.0,0.0,1.0
-0.8,-0.9117647058823529,0.7132227249874311,-0.06767155054284817,0.7333333333333333,-1.0,0.5018248175182483,-0.5875032215183863,-0.6626264329582716,-0.35982279689416063,-0.31392462678612326,1.0,0.0,0.0,0.0,1.0,0.0,0.0,1.0,0.0,0.0,1.0,0.0,0.0,0.0,1.0,0.0,0.0,1.0,0.0,0.0,0.0
0.84,-0.9411764705882353,0.6426344896933134,0.2957731632760619,-0.5333333333333333,2.0,0.17700729927007305,14.833057526145165,-0.7094270634650522,-0.12950143166542383,1.2460997721005127,0.0,1.0,0.0,0.0,1.0,0.0,0.0,1.0,0.0,0.0,0.0,1.0,0.0,0.0,0.0,1.0,0.0,1.0,0.0,0.0,0.0
0.2,-0.7058823529411765,0.9436902966314732,-0.7435437967745337,-0.5333333333333333,1.0,0.5237226277372263,2.2162350962386235,-0.3134910148670866,-0.7575915414923371,-0.1801357664667821,1.0,0.0,1.0,0.0,0.0,0.0,0.0,1.0,0.0,0.0,1.0,0.0,0.0,0.0,0.0,0.0,1.0,1.0,0.0,0.0,0.0
0.84,-0.23529411764705882,-0.20140774258421287,-0.3699799725940761,-0.4,0.0,0.01642335766423368,-0.01637134197529188,-0.19086916778657362,-0.19675300386063846,0.10196121542338207,0.0,1.0,0.0,0.0,0.0,0.0,1.0,1.0,0.0,0.0,1.0,0.0,0.0,0.0,0.0,0.0,1.0,0.0,0.0,1.0,0.0
0.08,0.029411764705882353,-0.028054298642533566,-0.09507747443870565,0.0,0.0,-0.8375912408759123,-0.1591543118610655,0.15064094325130523,-0.0563137674860579,-0.044744644347209234,0.0,1.0,0.0,0.0,0.0,0.0,1.0,0.0,1.0,0.0,0.0,0.0,1.0,0.0,0.0,0.0,1.0,0.0,0.0,1.0,0.0
-0.52,0.47058823529411764,-0.8598290598290594,0.1035100664066618,0.6,1.0,0.6478102189781022,0.01722465093900782,-0.30727231785273984,1.874920172094063,-0.2128263579187302,1.0,0.0,0.0,0.0,0.0,1.0,0.0,0.0,0.0,1.0,1.0,0.0,0.0,1.0,0.0,0.0,0.0,0.0,0.0,0.0,1.0
0.88,-0.6470588235294118,-0.6567119155354446,0.29155686729208385,-0.13333333333333333,3.0,-0.10036496350364951,4.15728470083963,-0.644620179301651,1.3709787627247259,0.34251313131433025,0.0,1.0,0.0,0.0,0.0,1.0,0.0,0.0,1.0,0.0,1.0,0.0,0.0,0.0,0.0,1.0,0.0,0.0,1.0,0.0,0.0
0.2,0.7647058823529411,-0.3407742584213169,-0.3181195319911459,0.6666666666666666,0.0,0.5529197080291973,-0.33470714368783633,0.4432528474085165,-0.03552577191351406,-0.3945166150468852,0.0,1.0,0.0,0.0,0.0,1.0,0.0,0.0,1.0,0.0,1.0,0.0,0.0,1.0,0.0,0.0,0.0,0.0,0.0,0.0,1.0
0.88,-0.7058823529411765,-0.39688285570638476,-0.013702961947928746,-0.4666666666666667,0.0,-0.17335766423357651,0.8143659373601183,-0.6150731426938022,0.3818606777231125,0.6306198312684804,1.0,0.0,0.0,0.0,0.0,0.0,1.0,0.0,0.0,1.0,0.0,1.0,0.0,0.0,0.0,1.0,0.0,1.0,0.0,0.0,0.0
0.28,0.14705882352941177,0.012166918049271355,0.770949720670391,0.6,2.0,0.023722627737226488,0.5690388345563799,0.2927825892935179,0.6458487718715049,0.05431556234604657,1.0,0.0,1.0,0.0,0.0,0.0,0.0,0.0,1.0,0.0,1.0,0.0,0.0,0.0,0.0,0.0,1.0,0.0,0.0,1.0,0.0
0.28,-0.4117647058823529,0.4910005027652087,-0.46821966902076534,-0.8,1.0,0.4324817518248176,0.881121611592428,-0.03608037007827864,-0.5390382945885863,1.4011631085451517,0.0,1.0,1.0,0.0,0.0,0.0,0.0,1.0,0.0,0.0,1.0,0.0,0.0,1.0,0.0,0.0,0.0,0.0,1.0,0.0,0.0
-0.92,0.3235294117647059,0.6846656611362496,-0.22030146516285445,0.6666666666666666,-1.0,0.7864963503649637,-0.5875032215183863,1.0942377314917164,-0.4378096348829616,-0.35693111379522935,1.0,0.0,1.0,0.0,0.0,0.0,0.0,1.0,0.0,0.0,1.0,0.0,0.0,0.0,0.0,1.0,0.0,0.0,0.0,1.0,0.0
-0.08,0.6764705882352942,-0.8493715434891901,0.4897227785390534,0.8666666666666667,2.0,0.5675182481751827,0.2101119895676594,-0.2227770060387578,2.6865937270216027,-0.1506274449791829,1.0,0.0,0.0,0.0,1.0,0.0,0.0,1.0,0.0,0.0,0.0,0.0,1.0,0.0,0.0,1.0,0.0,0.0,0.0,0.0,1.0
-0.84,0.3235294117647059,0.1543489190548016,0.0014757035943921827,-0.13333333333333333,2.0,-0.8448905109489051,0.41818552289445393,0.5953353603050124,-0.09004834172989365,0.12816610826112082,0.0,1.0,1.0,0.0,0.0,0.0,0.0,1.0,0.0,0.0,0.0,1.0,0.0,0.0,0.0,1.0,0.0,0.0,0.0,1.0,0.0
-0.16,0.8529411764705882,-0.4141779788838609,-0.1334457678929061,0.9333333333333333,1.0,0.3229927007299271,-0.10561069815390037,0.4099178346431192,0.26019142199502787,-0.37615960596351106,0.0,1.0,1.0,0.0,0.0,0.0,0.0,0.0,0.0,1.0,0.0,1.0,0.0,1.0,0.0,0.0,0.0,0.0,0.0,0.0,1.0
-0.24,-0.3235294117647059,0.24906988436400235,-0.09971540002108151,-0.9333333333333333,-1.0,0.7536496350364966,-0.5875032215183863,-0.0410528599528455,-0.21311840156274162,9.153172741699155,0.0,1.0,0.0,0.0,0.0,0.0,1.0,1.0,0.0,0.0,1.0,0.0,0.0,0.0,0.0,1.0,0.0,0.0,1.0,0.0,0.0
0.08,-0.6470588235294118,0.7494218200100555,-0.6410878043638665,0.13333333333333333,1.0,0.06751824817518254,1.7848907396606217,-0.27077448894710915,-0.683866892317933,-0.4309394816249349,0.0,1.0,0.0,0.0,0.0,1.0,0.0,1.0,0.0,0.0,1.0,0.0,0.0,0.0,0.0,0.0,1.0,0.0,1.0,0.0,0.0
0.24,-0.5882352941176471,0.38883861236802425,0.1372404342784864,-0.13333333333333333,1.0,0.4799270072992703,1.4685715448367538,-0.2949706493541213,-0.11541359196087064,0.2284854998645126,1.0,0.0,0.0,0.0,0.0,1.0,0.0,1.0,0.0,0.0,1.0,0.0,0.0,1.0,0.0,0.0,0.0,0.0,1.0,0.0,0.0
0.76,-0.2647058823529412,0.7110105580693818,0.782333719827132,0.3333333333333333,0.0,0.020072992700730083,0.005595268776365666,0.27053182815091464,0.11479884483552381,0.2116305958715204,1.0,0.0,1.0,0.0,0.0,0.0,0.0,0.0,1.0,0.0,0.0,1.0,0.0,0.0,1.0,0.0,0.0,0.0,0.0,1.0,0.0
-0.64,0.35294117647058826,0.525188536953243,-0.42437019078739335,-0.6,-1.0,0.25364963503649646,-0.5875032215183863,0.9828317486692215,-0.519607747295599,0.4183238516771417,0.0,1.0,0.0,0.0,0.0,0.0,1.0,1.0,0.0,0.0,0.0,1.0,0.0,0.0,0.0,0.0,1.0,0.0,0.0,1.0,0.0
-0.92,-0.029411764705882353,-0.4779286073403717,-0.2852324233161168,0.06666666666666667,2.0,0.5018248175182483,0.7731344915107506,-0.21679685692575498,0.14898121998462974,-0.20016960237870604,0.0,1.0,1.0,0.0,0.0,0.0,0.0,1.0,0.0,0.0,1.0,0.0,0.0,0.0,1.0,0.0,0.0,0.0,0.0,1.0,0.0
-0.52,0.7352941176470589,0.9893413775766716,0.8755138610730473,0.6666666666666666,-1.0,0.11131386861313884,-0.5875032215183863,2.0544999696674004,0.034724721032379086,0.0641237041058626,0.0,1.0,1.0,0.0,0.0,0.0,0.0,0.0,1.0,0.0,1.0,0.0,0.0,1.0,0.0,0.0,0.0,0.0,0.0,0.0,1.0
-0.12,-0.8235294117647058,0.29713423831070895,-0.39316960050595556,-0.8,0.0,0.04562043795620438,1.6154340281478352,-0.5947842323950107,-0.4388549471872991,1.6414727070650774,0.0,1.0,0.0,1.0,0.0,0.0,0.0,0.0,0.0,1.0,0.0,0.0,1.0,0.0,0.0,0.0,1.0,1.0,0.0,0.0,0.0
-0.56,1.0588235294117647,0.8857717445952742,-0.40708337725308325,-0.7333333333333333,2.0,0.8594890510948907,0.06406976781951018,2.4333962948986745,-0.5796100403827922,1.0214604423444267,0.0,1.0,0.0,1.0,0.0,0.0,0.0,1.0,0.0,0.0,1.0,0.0,0.0,0.0,0.0,1.0,0.0,0.0,0.0,0.0,1.0
0.36,-0.17647058823529413,0.10447461035696343,-0.49436070412142935,-0.13333333333333333,-1.0,0.14416058394160594,-0.5875032215183863,0.038075124080896645,-0.4515981946965543,-0.23821775672517864,1.0,0.0,0.0,0.0,0.0,0.0,1.0,0.0,0.0,1.0,0.0,0.0,1.0,0.0,1.0,0.0,0.0,0.0,0.0,1.0,0.0
0.72,-0.11764705882352941,0.8493715434891906,0.11109939917782215,-0.2,1.0,0.3996350364963505,0.4073716654276492,0.5703742014557592,-0.3026390460206801,0.285343540136621,0.0,1.0,0.0,0.0,0.0,0.0,1.0,1.0,0.0,0.0,1.0,0.0,0.0,0.0,0.0,0.0,1.0,0.0,0.0,1.0,0.0
0.32,-0.7941176470588235,0.3992961287078937,-0.9041846737640984,0.6,0.0,0.5346715328467155,1.3400668719395576,-0.5441092549388156,-0.803793515500245,-0.616154967794167,1.0,0.0,0.0,0.0,0.0,1.0,0.0,0.0,0.0,1.0,0.0,1.0,0.0,0.0,0.0,0.0,1.0,1.0,0.0,0.0,0.0
-0.64,-0.058823529411764705,-0.0011060834590244867,-0.602719510909666,-0.2,-1.0,0.1587591240875913,-0.5875032215183863,0.08689929885425027,-0.5050332964078171,-0.28606678331033675,1.0,0.0,0.0,0.0,0.0,0.0,1.0,0.0,1.0,0.0,0.0,1.0,0.0,0.0,0.0,0.0,1.0,0.0,0.0,1.0,0.0
0.24,0.38235294117647056,-0.2693815987933632,-0.7907663117950882,0.6666666666666666,0.0,-0.468978102189781,-0.2662415392753957,0.24145366155605213,-0.5949136999028355,-0.576125868939584,0.0,1.0,1.0,0.0,0.0,0.0,0.0,0.0,0.0,1.0,1.0,0.0,0.0,0.0,0.0,0.0,1.0,0.0,0.0,1.0,0.0
